Track Name,Artist Name,Popularity,Acousticness,Danceability,Energy,Instrumentalness,Key,Loudness,Mode,Speechiness,Tempo,Time Signature,Valence,Genres
Sleep On The Floor,The Lumineers,64,0.249,0.389,0.431,0.0,7,-8.061,1,0.0344,142.133,4,0.275,folk-pop
Saturday Nights,Khalid,67,0.606,0.551,0.44,3.02e-05,10,-8.559,1,0.0985,167.923,4,0.341,pop
Marry You,Bruno Mars,77,0.332,0.621,0.82,0.0,10,-4.865,1,0.0367,144.905,4,0.452,dance pop
Hard Times,Paramore,75,0.00647,0.695,0.818,4.87e-06,5,-5.379,0,0.0334,119.965,4,0.916,candy pop
Stubborn Love,The Lumineers,66,0.611,0.598,0.561,0.0417,0,-11.676,1,0.0376,115.011,4,0.231,folk-pop
The Sweet Escape,Gwen Stefani,73,0.191,0.756,0.769,0.0,1,-3.502,1,0.0344,119.961,4,0.73,dance pop
Give Me Everything (feat. Nayer),Pitbull,86,0.191,0.671,0.939,0.0,8,-3.206,1,0.161,129.024,4,0.53,dance pop
Riptide,Vance Joy,84,0.431,0.484,0.731,0.0,1,-6.694,1,0.0379,101.654,4,0.51,folk-pop
Ends of the Earth,Lord Huron,1,0.274,0.555,0.584,0.0228,4,-8.667,1,0.0301,120.965,4,0.41,indie folk
Runaway Kids,HARBOUR,0,0.00646,0.513,0.847,0.0,7,-6.662,1,0.0472,100.977,4,0.338,cincinnati indie
18,Anarbor,59,0.0603,0.724,0.854,0.0,11,-2.779,1,0.0997,98.056,4,0.88,neon pop punk
Just the Two of Us (feat. Bill Withers),"Grover Washington, Jr.",74,0.41,0.749,0.497,0.0499,10,-12.609,0,0.105,95.818,4,0.585,soul jazz
Paper Rings,Taylor Swift,77,0.0129,0.811,0.719,1.36e-05,9,-6.553,1,0.0497,103.979,4,0.865,pop
Out Of The Woods,Taylor Swift,54,0.00103,0.552,0.842,1.17e-05,7,-6.938,1,0.0373,91.991,4,0.343,pop
Crash My Car,COIN,0,0.00178,0.244,0.645,0.00574,5,-5.863,1,0.0456,183.577,5,0.529,pov: indie
Love Story (Taylor’s Version),Taylor Swift,77,0.13,0.627,0.792,3.97e-06,2,-4.311,1,0.031,119.054,4,0.415,pop
She Calls Me Back,Noah Kahan,67,0.0786,0.749,0.687,0.0,11,-6.497,1,0.0364,127.905,4,0.723,pov: indie
"Everywhere, Everything",Noah Kahan,70,0.356,0.462,0.391,0.0,11,-9.164,1,0.0331,179.731,3,0.287,pov: indie
Ho Hey,The Lumineers,73,0.791,0.685,0.466,2.06e-06,0,-9.074,1,0.0304,79.936,4,0.353,folk-pop
Ophelia,The Lumineers,72,0.613,0.664,0.573,0.000363,5,-6.519,1,0.0277,76.02,4,0.566,folk-pop
All My Love,Noah Kahan,79,0.309,0.666,0.665,0.0,2,-7.181,1,0.0534,116.002,4,0.474,pov: indie
Cleopatra,The Lumineers,64,0.228,0.536,0.775,0.000142,8,-6.765,1,0.0394,151.39,4,0.485,folk-pop
Stick Season,Noah Kahan,90,0.799,0.664,0.5,0.0,9,-6.935,1,0.0651,117.896,4,0.801,pov: indie
Fly Me To The Moon (In Other Words),Frank Sinatra,72,0.453,0.668,0.26,0.0,7,-14.256,1,0.0523,119.416,4,0.368,adult standards
Isn't She Lovely,Stevie Wonder,66,0.202,0.747,0.692,3.39e-05,1,-8.956,0,0.0474,118.698,4,0.904,motown
My Girl,The Temptations,82,0.636,0.574,0.418,0.0,0,-10.739,1,0.0345,104.57,4,0.692,classic soul
Here Comes The Sun - Remastered 2009,The Beatles,84,0.0339,0.557,0.54,0.00248,9,-10.484,1,0.0347,129.177,4,0.394,british invasion
Wouldn't It Be Nice,The Beach Boys,73,0.718,0.392,0.629,3.65e-06,5,-7.056,1,0.0334,124.511,4,0.72,baroque pop
Build Me Up Buttercup,The Foundations,5,0.242,0.564,0.555,0.0,0,-9.07,1,0.0293,67.082,4,0.882,bubblegum pop
The Way You Look Tonight,Frank Sinatra,66,0.798,0.622,0.24,0.0,5,-14.067,0,0.0363,132.234,4,0.587,adult standards
The Lady In Red,Chris de Burgh,76,0.332,0.548,0.294,3.34e-06,10,-17.112,1,0.0333,76.698,4,0.491,soft rock
Don't Go Breaking My Heart,Elton John,80,0.149,0.729,0.844,2.87e-06,5,-8.824,1,0.0344,131.459,4,0.777,glam rock
Uptown Girl,Billy Joel,84,0.0755,0.701,0.944,0.0,4,-2.986,1,0.0455,128.993,4,0.792,album rock
Lay All Your Love On Me,ABBA,77,0.117,0.678,0.727,0.00396,2,-7.844,0,0.0258,133.481,4,0.71,europop
Can't Take My Eyes off You,Frankie Valli,69,0.566,0.575,0.764,1.07e-05,4,-7.448,1,0.0746,123.821,4,0.536,adult standards
Ain't No Mountain High Enough,Marvin Gaye,83,0.43,0.663,0.6,0.0,7,-10.87,1,0.032,129.987,4,0.797,classic soul
Imagine - Remastered 2010,John Lennon,75,0.907,0.547,0.257,0.183,0,-12.358,1,0.0252,75.752,4,0.169,classic rock
Good Vibrations - Remastered 2001,The Beach Boys,71,0.326,0.396,0.473,0.000124,10,-7.67,0,0.0345,133.449,4,0.385,baroque pop
Kokomo,The Beach Boys,70,0.00863,0.682,0.635,0.0,0,-10.05,1,0.0346,115.584,4,0.927,baroque pop
Surfin' U.S.A. - Remastered 2001,The Beach Boys,73,0.661,0.55,0.854,0.0,3,-5.968,1,0.036,159.231,4,0.965,baroque pop
We Didn't Start the Fire,Billy Joel,75,0.0771,0.712,0.967,0.0,7,-5.206,1,0.047,145.024,4,0.895,album rock
More Than a Feeling,Boston,80,0.00088,0.377,0.681,0.0023,7,-8.039,1,0.0298,108.789,4,0.285,album rock
Jessie's Girl,Rick Springfield,75,0.165,0.727,0.834,0.0,2,-5.851,1,0.0496,131.7,4,0.816,album rock
Don't Stop Me Now,Queen,2,0.0563,0.562,0.757,0.00128,5,-10.061,1,0.192,156.435,4,0.64,classic rock
Summer Of '69,Bryan Adams,83,0.0183,0.509,0.834,0.0,2,-6.205,1,0.0386,139.13,4,0.774,canadian pop
Born To Be Wild - Single Version,Steppenwolf,65,0.262,0.439,0.734,0.333,2,-12.168,1,0.097,145.703,4,0.54,acid rock
Don't Stop Believin',Journey,18,0.127,0.5,0.748,0.0,4,-9.072,1,0.0363,118.852,4,0.514,album rock
Brown Eyed Girl,Van Morrison,85,0.185,0.491,0.583,0.0,7,-10.964,1,0.0376,150.566,4,0.908,classic rock
"Fun, Fun, Fun",The Beach Boys,53,0.222,0.52,0.701,0.0,3,-8.953,1,0.0345,154.177,4,0.965,baroque pop
Livin' On A Prayer,Bon Jovi,84,0.0778,0.532,0.887,0.000206,0,-3.757,1,0.0335,122.509,4,0.794,glam metal
Good Vibrations,The Beach Boys,50,0.332,0.371,0.424,4.95e-06,10,-9.497,1,0.0411,151.621,4,0.325,baroque pop
Can't Help Falling in Love,Elvis Presley,79,0.941,0.396,0.293,0.000196,2,-14.062,1,0.0275,100.307,3,0.343,rock-and-roll
(You Make Me Feel Like) A Natural Woman,Aretha Franklin,67,0.679,0.603,0.271,0.0,5,-10.083,1,0.0284,110.89,3,0.405,classic soul
Dancing in the Moonlight,King Harvest,74,0.739,0.657,0.435,0.0,10,-15.707,1,0.0552,135.975,4,0.771,soft rock
Jailhouse Rock,Elvis Presley,66,0.41,0.647,0.582,1.93e-06,10,-9.538,0,0.0755,167.396,4,0.915,rock-and-roll
Isn't She Lovely,Stevie Wonder,62,0.182,0.481,0.826,0.00352,1,-6.974,0,0.0851,118.679,4,0.819,motown
Separate Ways (Worlds Apart),Journey,10,0.0187,0.451,0.962,3.19e-06,0,-3.947,1,0.0739,131.438,4,0.376,album rock
Any Way You Want It (2024 Remaster),Journey,55,0.000861,0.527,0.922,0.000553,7,-6.438,1,0.0518,138.056,4,0.597,album rock
Highway to Hell,AC/DC,85,0.061,0.574,0.913,0.00158,6,-4.793,0,0.133,115.728,4,0.423,australian rock
Vienna,Billy Joel,82,0.659,0.532,0.495,0.0,10,-6.662,1,0.0343,124.936,4,0.308,album rock
Piano Man,Billy Joel,77,0.605,0.331,0.55,3.96e-06,0,-6.483,1,0.0272,177.734,3,0.429,album rock
Heaven Is A Place On Earth,Belinda Carlisle,58,0.031,0.64,0.81,2.22e-06,4,-10.19,1,0.033,122.868,4,0.804,new romantic
Put Your Records On,Corinne Bailey Rae,78,0.167,0.739,0.511,1.34e-06,9,-7.844,1,0.0362,96.038,4,0.542,british soul
Just A Little While,The 502s,64,0.0897,0.636,0.788,0.0,5,-9.177,0,0.0432,125.0,4,0.701,
Feels Good To Be Me,The 502s,37,0.0594,0.724,0.733,4.08e-05,7,-10.558,1,0.0683,121.053,4,0.874,
Summertime Singalong Vibe,The 502s,32,0.193,0.561,0.685,0.0,1,-12.363,0,0.099,104.132,4,0.819,
Little Talks,Of Monsters and Men,79,0.0206,0.457,0.757,0.0,1,-5.177,1,0.032,102.961,4,0.417,folk-pop
Quarter-Life Crisis,Judah & the Lion,0,0.00509,0.46,0.945,7.79e-05,10,-4.483,1,0.176,76.445,4,0.397,banjo
Blame It On The Girls,MIKA,33,0.0867,0.755,0.871,3.83e-05,11,-5.172,1,0.0687,144.535,4,0.931,electropop
Someone New,Hozier,59,0.427,0.446,0.533,3.26e-06,7,-5.955,1,0.046,183.81,4,0.58,irish singer-songwriter
Heartless,The Weeknd,77,0.0236,0.537,0.746,1e-06,10,-5.507,0,0.15,170.083,4,0.252,canadian contemporary r&b
No Role Modelz,J. Cole,85,0.324,0.69,0.521,0.0,10,-8.492,0,0.339,100.028,4,0.494,conscious hip hop
Bitch Better Have My Money,Rihanna,73,0.0509,0.781,0.728,1.94e-06,1,-4.981,1,0.0621,102.99,4,0.395,barbadian pop
Come Get Her,Rae Sremmurd,72,0.19,0.689,0.564,0.0,2,-6.226,1,0.14,185.03,4,0.122,melodic rap
MIDDLE CHILD,J. Cole,78,0.149,0.837,0.364,0.0,8,-11.713,1,0.276,123.984,4,0.463,conscious hip hop
Work Out,J. Cole,80,0.0531,0.831,0.427,0.0,2,-6.903,1,0.106,93.004,4,0.216,conscious hip hop
Love Yourz,J. Cole,74,0.589,0.677,0.638,0.0,8,-8.631,1,0.333,82.81,4,0.435,conscious hip hop
Weekend (feat. Miguel),Mac Miller,72,0.47,0.843,0.435,0.0,8,-8.442,1,0.178,120.058,4,0.19,hip hop
NEVER REALLY MINE,The Lumineers,37,0.177,0.346,0.744,1.5e-05,5,-4.507,1,0.0401,197.834,4,0.684,folk-pop
WHERE WE ARE,The Lumineers,49,0.759,0.573,0.507,1.37e-06,11,-8.084,1,0.0342,123.183,4,0.363,folk-pop
Democracy (Bonus Track),The Lumineers,27,0.357,0.441,0.487,0.0,9,-8.367,1,0.0305,87.229,4,0.259,folk-pop
Foreigner's God,Hozier,53,0.161,0.502,0.445,0.000466,8,-7.622,1,0.0294,88.866,4,0.377,irish singer-songwriter
Water Glass,Cannon,45,0.504,0.75,0.475,1.69e-06,5,-7.574,0,0.153,74.972,4,0.642,
42,Mumford & Sons,0,0.203,0.317,0.481,0.00132,5,-9.572,1,0.0384,175.871,4,0.275,modern folk rock
I Feel Good About This,The Mowgli's,0,0.00428,0.525,0.841,0.0,7,-6.053,1,0.0419,119.864,4,0.495,hopebeat
Goodie Bag,Still Woozy,75,0.821,0.739,0.522,0.00124,7,-12.304,0,0.151,138.263,4,0.619,bedroom pop
Skinny Love,Bon Iver,1,0.844,0.593,0.263,5.36e-06,4,-14.029,0,0.0567,76.379,4,0.109,chamber pop
Buy Dirt,Jordan Davis,80,0.639,0.586,0.559,0.0,4,-6.725,1,0.05,177.945,4,0.437,contemporary country
Lost Time,LÉON,0,0.279,0.471,0.72,0.0,1,-6.752,1,0.0586,83.442,4,0.321,alt z
Hope Is A Heartache,LÉON,1,0.429,0.468,0.495,0.0,5,-6.634,1,0.0822,171.4,4,0.235,alt z
Cherry Wine - Live,Hozier,66,0.951,0.415,0.11,0.00236,1,-14.901,1,0.0388,81.876,4,0.234,irish singer-songwriter
Work Song,Hozier,76,0.749,0.531,0.363,0.0,10,-7.672,1,0.0608,121.412,4,0.259,irish singer-songwriter
BRIGHTSIDE,The Lumineers,38,0.359,0.549,0.715,0.0,10,-7.01,1,0.0356,134.074,4,0.555,folk-pop
A.M. RADIO,The Lumineers,46,0.568,0.469,0.562,0.000135,1,-6.402,1,0.0343,138.197,4,0.483,folk-pop
the 1,Taylor Swift,74,0.757,0.777,0.357,7.28e-06,0,-6.942,1,0.0522,139.884,4,0.172,pop
hoax,Taylor Swift,65,0.966,0.662,0.181,3.86e-06,8,-15.065,1,0.0415,118.819,4,0.429,pop
iMi,Bon Iver,0,0.889,0.489,0.396,0.00713,8,-11.57,1,0.053,134.131,4,0.523,chamber pop
Renegade (feat. Taylor Swift),Big Red Machine,0,0.435,0.532,0.708,0.0236,0,-8.121,1,0.0505,167.977,4,0.586,eau claire indie
The Ghost of Cincinnati,Big Red Machine,0,0.866,0.702,0.476,0.397,9,-10.398,0,0.0264,106.032,4,0.733,eau claire indie
Take Me to Church,Hozier,80,0.634,0.566,0.664,0.0,4,-5.303,0,0.0464,128.945,4,0.437,irish singer-songwriter
Cherry Wine - Live,Hozier,66,0.951,0.415,0.11,0.00236,1,-14.901,1,0.0388,81.876,4,0.234,irish singer-songwriter
Ends of the Earth,Lord Huron,68,0.267,0.553,0.578,0.0377,4,-8.679,1,0.0299,120.993,4,0.407,indie folk
BIRTHDAY,The Lumineers,30,0.371,0.556,0.608,0.0,2,-6.572,1,0.0422,78.433,4,0.524,folk-pop
ROLLERCOASTER,The Lumineers,32,0.975,0.403,0.186,0.000867,5,-12.188,1,0.0387,197.569,4,0.22,folk-pop
REMINGTON,The Lumineers,27,0.617,0.637,0.162,1.22e-06,4,-12.048,0,0.0335,169.957,4,0.341,folk-pop
Jackie and Wilson,Hozier,70,0.0579,0.555,0.727,7.52e-06,6,-4.202,1,0.0388,82.142,4,0.739,irish singer-songwriter
Banana Pancakes,Jack Johnson,70,0.607,0.816,0.375,8.66e-06,7,-8.053,1,0.0996,114.303,4,0.615,neo mellow
From Eden,Hozier,66,0.584,0.399,0.673,2.44e-05,0,-5.506,1,0.0509,142.255,5,0.285,irish singer-songwriter
You’re Gonna Go Far,Noah Kahan,80,0.556,0.586,0.358,0.0,7,-9.761,1,0.0308,169.925,4,0.365,pov: indie
The Spins,Mac Miller,5,0.0135,0.794,0.766,0.0,9,-3.894,0,0.0377,127.007,4,0.55,hip hop
3005,Childish Gambino,78,0.112,0.664,0.447,0.0,6,-7.272,0,0.289,83.138,4,0.659,atl hip hop
This Is America,Childish Gambino,67,0.117,0.854,0.463,0.0,5,-6.159,1,0.137,120.024,4,0.549,atl hip hop
Wet Dreamz,J. Cole,80,0.0697,0.495,0.722,0.0,6,-8.108,0,0.357,175.627,4,0.539,conscious hip hop
Alright,Kendrick Lamar,80,0.0742,0.796,0.766,0.0,7,-5.974,1,0.238,110.034,4,0.558,conscious hip hop
IV. Sweatpants,Childish Gambino,66,0.152,0.712,0.463,0.0,1,-9.33,0,0.143,80.029,4,0.593,atl hip hop
Die For You,The Weeknd,79,0.111,0.586,0.525,0.0,1,-7.163,0,0.0616,133.63,4,0.507,canadian contemporary r&b
Self Care,Mac Miller,74,0.367,0.52,0.538,0.00187,1,-8.109,1,0.206,141.894,4,0.177,hip hop
Money Trees,Kendrick Lamar,79,0.0703,0.716,0.531,0.0,7,-7.355,1,0.122,71.994,4,0.344,conscious hip hop
G.O.M.D.,J. Cole,1,0.331,0.89,0.393,8.81e-06,4,-10.821,0,0.267,128.084,4,0.304,conscious hip hop
No Role Modelz,J. Cole,4,0.301,0.692,0.521,0.0,10,-8.465,0,0.33,100.45,4,0.463,conscious hip hop
See You Again (feat. Kali Uchis),"Tyler, The Creator",89,0.371,0.558,0.559,7.49e-06,6,-9.222,1,0.0959,78.558,4,0.62,hip hop
Isis (feat. Logic),Joyner Lucas,65,0.206,0.884,0.936,0.0,1,-3.931,1,0.167,120.004,4,0.758,boston hip hop
Bonfire,Childish Gambino,1,0.0594,0.506,0.745,0.0,8,-6.044,1,0.331,161.808,4,0.311,atl hip hop
Oh Wow,Roy Purdy,35,0.108,0.764,0.697,0.0,1,-4.598,1,0.0535,96.928,4,0.576,
Curious,Rich Brian,2,0.904,0.817,0.433,1.52e-06,6,-7.26,1,0.0501,111.059,4,0.9,indonesian hip hop
Donald Trump,Mac Miller,1,0.0318,0.716,0.936,0.0,1,-4.968,0,0.123,81.508,4,0.799,hip hop
Mockingbird,Eminem,86,0.209,0.637,0.678,0.0,0,-3.798,1,0.266,84.039,4,0.254,detroit hip hop
1985 - Intro to “The Fall Off”,J. Cole,57,0.145,0.679,0.648,0.0,2,-5.892,1,0.445,94.378,4,0.635,conscious hip hop
Redbone,Childish Gambino,81,0.174,0.745,0.353,0.00662,1,-10.614,1,0.0983,160.111,4,0.598,atl hip hop
Lost,Frank Ocean,82,0.0272,0.913,0.603,0.000503,8,-4.892,1,0.226,123.061,4,0.497,lgbtq+ hip hop
Rap God,Eminem,74,0.395,0.709,0.843,0.0,7,-2.66,1,0.314,148.134,4,0.625,detroit hip hop
The Monster,Eminem,56,0.0526,0.781,0.853,0.0,1,-3.68,0,0.0714,110.046,4,0.626,detroit hip hop
Miss America,J. Cole,45,0.00425,0.512,0.677,0.000951,9,-7.407,0,0.14,172.208,4,0.204,conscious hip hop
BRACKETS,J. Cole,51,0.188,0.678,0.567,1.67e-06,10,-9.148,0,0.261,84.039,4,0.658,conscious hip hop
Good News,Mac Miller,49,0.853,0.794,0.32,0.134,1,-12.92,0,0.173,174.088,4,0.241,hip hop
KOD,J. Cole,61,0.21,0.823,0.783,0.0,0,-6.274,1,0.154,141.882,4,0.199,conscious hip hop
Immortal,J. Cole,59,0.455,0.744,0.43,2.73e-06,3,-10.604,0,0.309,92.039,4,0.266,conscious hip hop
Forbidden Fruit (feat. Kendrick Lamar),J. Cole,63,0.546,0.84,0.504,0.00131,1,-9.354,1,0.383,110.027,4,0.406,conscious hip hop
Photograph,J. Cole,54,0.0299,0.691,0.487,0.0,1,-6.416,1,0.268,104.98,3,0.358,conscious hip hop
Pink + White,Frank Ocean,87,0.667,0.545,0.545,5.48e-05,9,-7.362,1,0.107,159.94,3,0.549,lgbtq+ hip hop
In My Room,Frank Ocean,74,0.594,0.861,0.647,0.661,7,-7.425,1,0.0675,158.037,4,0.67,lgbtq+ hip hop
LOVE. FEAT. ZACARI.,Kendrick Lamar,82,0.264,0.8,0.585,0.0,10,-7.343,1,0.0924,126.058,4,0.779,conscious hip hop
Sparks Will Fly (feat. Jhené Aiko),J. Cole,58,0.0674,0.502,0.821,0.0,1,-6.904,0,0.23,122.835,5,0.683,conscious hip hop
Kool Aid & Frozen Pizza,Mac Miller,0,0.154,0.657,0.845,0.0,11,-4.57,1,0.3,89.835,4,0.706,hip hop
Come Back to Earth,Mac Miller,71,0.89,0.272,0.238,0.00925,2,-12.148,0,0.0349,83.507,4,0.119,hip hop
4 Your Eyez Only,J. Cole,64,0.367,0.701,0.485,6.31e-05,11,-10.305,0,0.364,78.863,4,0.496,conscious hip hop
p r i d e . i s . t h e . d e v i l (with Lil Baby),J. Cole,68,0.104,0.861,0.656,0.0,4,-7.867,0,0.425,88.967,4,0.331,conscious hip hop
Save Your Tears,The Weeknd,84,0.0212,0.679,0.825,1.21e-05,0,-5.487,1,0.0309,118.049,4,0.644,canadian contemporary r&b
Creepin' (with The Weeknd & 21 Savage),Metro Boomin,83,0.391,0.716,0.613,0.0,1,-6.018,0,0.0522,97.914,4,0.157,rap
l e t . g o . m y . h a n d (with Bas & 6LACK),J. Cole,62,0.506,0.583,0.625,0.0,1,-8.011,1,0.277,89.812,4,0.516,conscious hip hop
A Tale Of 2 Citiez,J. Cole,64,0.553,0.771,0.536,1.05e-06,11,-8.534,1,0.323,94.995,4,0.343,conscious hip hop
Father Time (feat. Sampha),Kendrick Lamar,70,0.181,0.514,0.779,0.0,10,-4.365,0,0.344,152.869,4,0.517,conscious hip hop
Stan,Eminem,80,0.0371,0.78,0.768,2.34e-06,6,-4.325,0,0.238,80.063,4,0.507,detroit hip hop
Starboy,The Weeknd,88,0.141,0.679,0.587,6.35e-06,7,-7.015,1,0.276,186.003,4,0.486,canadian contemporary r&b
Fire Squad,J. Cole,0,0.28,0.516,0.738,0.0,11,-7.209,1,0.414,175.427,4,0.599,conscious hip hop
a p p l y i n g . p r e s s u r e,J. Cole,54,0.0814,0.699,0.759,0.0,1,-5.302,1,0.311,83.092,4,0.404,conscious hip hop
Backseat Freestyle,Kendrick Lamar,33,0.000739,0.547,0.651,0.0,1,-7.601,1,0.3,77.878,4,0.645,conscious hip hop
Super Rich Kids,Frank Ocean,75,0.219,0.739,0.419,0.0,3,-8.241,0,0.0854,60.493,4,0.58,lgbtq+ hip hop
Count Me Out,Kendrick Lamar,76,0.671,0.776,0.431,0.0,4,-7.544,0,0.091,133.999,4,0.495,conscious hip hop
m.A.A.d city,Kendrick Lamar,65,0.0538,0.487,0.729,4.09e-06,2,-6.815,1,0.271,91.066,4,0.217,conscious hip hop
"King's Dead (with Kendrick Lamar, Future & James Blake)",Jay Rock,70,0.000813,0.645,0.705,0.0,1,-5.008,1,0.299,137.133,4,0.376,conscious hip hop
Swimming Pools (Drank),Kendrick Lamar,79,0.00625,0.693,0.445,0.000234,8,-5.892,1,0.257,74.044,4,0.199,conscious hip hop
Mona Lisa (feat. Kendrick Lamar),Lil Wayne,68,0.371,0.856,0.694,0.0,2,-4.393,1,0.169,122.08,4,0.489,hip hop
Hola Señorita,GIMS,63,0.386,0.588,0.796,0.0,0,-3.945,0,0.262,192.128,4,0.546,french hip hop
Meleğim,Soolking,63,0.188,0.682,0.697,0.0,3,-4.276,0,0.0757,95.012,4,0.57,french hip hop
Pour oublier,Kendji Girac,51,0.185,0.758,0.719,3.9e-06,1,-6.524,0,0.0547,124.056,4,0.752,french pop
Ramenez la coupe à la maison,Vegedream,70,0.0358,0.808,0.661,0.0,0,-6.237,0,0.0395,107.992,4,0.804,french hip hop
NIGHTRIDER,Arizona Zervas,55,0.0876,0.66,0.755,0.0,0,-4.501,0,0.0469,145.948,4,0.862,indie pop rap
Mona Lisa (Spider-Man: Across the Spider-Verse),Dominic Fike,68,0.231,0.759,0.646,0.0,1,-7.603,1,0.12,111.043,4,0.445,alternative pop rock
Kevin’s Heart,J. Cole,70,0.482,0.829,0.527,0.0,6,-6.644,0,0.367,116.079,4,0.475,conscious hip hop
In Case You Didn't Know,Brett Young,72,0.386,0.607,0.536,0.0,10,-7.306,1,0.0302,147.992,4,0.436,contemporary country
More Than My Hometown,Morgan Wallen,79,0.615,0.62,0.869,0.0,6,-5.479,1,0.0462,126.019,4,0.597,contemporary country
Drinkin' Problem,Midland,46,0.055,0.622,0.763,8.91e-06,9,-6.4,1,0.0263,102.0,4,0.621,classic texas country
Before He Cheats,Carrie Underwood,77,0.271,0.519,0.749,0.0,6,-3.318,0,0.0405,147.905,4,0.29,classic oklahoma country
If I Die Young,The Band Perry,64,0.348,0.606,0.497,0.0,4,-6.611,1,0.0277,130.739,4,0.362,contemporary country
Something in the Orange,Zach Bryan,87,0.555,0.369,0.192,8.35e-06,4,-12.151,0,0.04,175.212,3,0.148,classic oklahoma country
Memory I Don't Mess With,Lee Brice,67,0.171,0.617,0.704,0.0,6,-7.61,0,0.0258,91.541,4,0.57,contemporary country
You Make It Easy,Jason Aldean,6,0.143,0.375,0.574,0.0,7,-5.305,1,0.0315,132.025,3,0.406,contemporary country
Whiskey Glasses,Morgan Wallen,71,0.369,0.614,0.68,1.84e-06,6,-4.58,1,0.0289,149.959,4,0.707,contemporary country
Beautiful Crazy,Luke Combs,82,0.676,0.551,0.402,0.0,11,-7.431,1,0.0262,103.313,4,0.382,contemporary country
Young Forever,JAY-Z,64,0.417,0.637,0.69,0.0,9,-3.214,0,0.0693,140.329,4,0.103,east coast hip hop
Redbone,Childish Gambino,7,0.169,0.743,0.344,0.00879,1,-11.174,1,0.118,160.15,4,0.577,atl hip hop
Retro (Rough),Childish Gambino,0,0.246,0.862,0.614,0.00757,5,-5.875,0,0.0393,110.061,4,0.323,atl hip hop
Creepin' (with The Weeknd & 21 Savage),Metro Boomin,3,0.411,0.714,0.619,0.0,1,-5.995,0,0.0516,97.951,4,0.156,rap
Good News,Mac Miller,68,0.853,0.794,0.32,0.134,1,-12.92,0,0.173,174.088,4,0.241,hip hop
Versace on the Floor,Bruno Mars,79,0.196,0.578,0.574,0.0,2,-6.209,1,0.0454,174.152,4,0.301,dance pop
The Color Violet,Tory Lanez,84,0.157,0.645,0.534,0.0,6,-10.8,0,0.0479,105.02,4,0.463,canadian hip hop
Heartbeat,Childish Gambino,79,0.00369,0.8,0.545,0.000461,1,-7.002,0,0.127,119.954,4,0.294,atl hip hop
All The Shine,Childish Gambino,49,0.0223,0.336,0.579,0.000158,0,-8.049,0,0.139,80.093,4,0.354,atl hip hop
Crooked Smile (feat. TLC),J. Cole,67,0.435,0.606,0.784,0.0,7,-6.293,1,0.268,80.985,4,0.48,conscious hip hop
Faithfully,Journey,7,0.0979,0.39,0.644,0.0,11,-5.212,1,0.0281,129.752,4,0.266,album rock
Open Arms,Journey,6,0.584,0.405,0.21,0.0,2,-13.214,1,0.0279,100.577,3,0.174,album rock
3005,Childish Gambino,3,0.113,0.472,0.448,0.0,6,-7.272,0,0.326,166.077,4,0.636,atl hip hop
IV. Sweatpants,Childish Gambino,1,0.154,0.71,0.47,0.0,1,-9.33,0,0.142,80.027,4,0.581,atl hip hop
Bläulich,Apache 207,51,0.069,0.79,0.704,0.000658,10,-7.935,0,0.417,154.007,4,0.212,german hip hop
Spice Girl,Aminé,58,0.392,0.693,0.46,0.0,0,-7.912,0,0.226,78.09,4,0.873,pop rap
REEL IT IN,Aminé,68,0.073,0.754,0.342,0.0,10,-8.677,0,0.0991,128.981,4,0.423,pop rap
Moves,Big Sean,53,0.0432,0.812,0.523,0.0,2,-5.287,1,0.259,75.524,4,0.381,detroit hip hop
The Motto,Drake,0,0.000146,0.774,0.431,1.99e-05,1,-8.407,1,0.346,201.843,4,0.353,canadian hip hop
Tommy Lee (feat. Post Malone) - Tommy Lee Remix,Tyla Yaweh,41,0.00492,0.591,0.838,2.63e-06,10,-6.011,1,0.0428,118.983,4,0.49,cali rap
Heartless,Kanye West,84,0.0515,0.79,0.647,0.0,10,-5.983,0,0.136,87.999,4,0.654,chicago rap
Hotel Room Service,Pitbull,72,0.00684,0.85,0.631,0.000406,1,-8.401,1,0.227,126.002,4,0.738,dance pop
No Hands (feat. Roscoe Dash & Wale),Waka Flocka Flame,75,0.00544,0.76,0.595,0.0,1,-6.366,1,0.0391,131.497,4,0.361,atl hip hop
Pure Water (with Migos),Mustard,0,0.172,0.68,0.559,0.0,0,-5.545,1,0.129,202.006,4,0.137,cali rap
Very Few Friends,Saint Levant,0,0.162,0.777,0.469,0.00239,6,-8.344,0,0.163,136.05,4,0.557,palestinian hip hop
Sick of You,Suriel Hess,52,0.781,0.571,0.384,0.0,7,-8.946,1,0.034,95.938,4,0.375,singer-songwriter pop
Marry Me,Train,63,0.834,0.461,0.267,2.03e-05,0,-8.514,1,0.0278,87.918,4,0.481,dance pop
Sunday Drive,Brett Eldredge,44,0.928,0.327,0.214,0.0,3,-10.382,1,0.0355,73.863,4,0.351,contemporary country
Ophelia,The Lumineers,0,0.63,0.664,0.576,0.000198,5,-6.429,1,0.0286,76.026,4,0.621,folk-pop
Strangers In The Night,Frank Sinatra,42,0.705,0.291,0.482,0.0,5,-7.948,1,0.0272,90.55,4,0.567,adult standards
Evermore,Hollow Coves,0,0.592,0.409,0.482,0.00448,8,-9.917,1,0.0269,78.987,4,0.335,indie anthem-folk
Ho Hey,The Lumineers,0,0.761,0.683,0.472,1.59e-06,0,-9.08,1,0.0317,79.931,4,0.359,folk-pop
Afterglow,Ed Sheeran,67,0.698,0.641,0.324,0.0,11,-5.851,1,0.0299,110.184,4,0.273,pop
The Way That I Love You (Single Version),Passenger,0,0.719,0.508,0.323,1.78e-05,1,-13.237,1,0.0347,120.752,4,0.486,folk-pop
Love Like This,Ben Rector,0,0.903,0.637,0.129,0.0,2,-11.89,1,0.0405,139.742,4,0.368,acoustic pop
Origin Of Love,MIKA,38,0.0519,0.647,0.636,0.000153,0,-5.756,1,0.035,128.001,4,0.469,electropop
Empire State Of Mind,JAY-Z,47,0.0265,0.503,0.955,0.0,11,-1.533,1,0.381,173.521,4,0.818,east coast hip hop
Good Life,OneRepublic,72,0.0771,0.634,0.69,0.0,6,-7.804,1,0.052,94.988,4,0.645,piano rock
You Make Me Feel... (feat. Sabi),Cobra Starship,69,0.0191,0.668,0.857,6.71e-06,7,-2.944,0,0.0535,131.959,4,0.748,neon pop punk
Rocketeer,Far East Movement,65,0.181,0.664,0.845,0.0,4,-6.115,0,0.0462,96.005,4,0.357,asian american hip hop
I Like It Like That (feat. New Boyz),Hot Chelle Rae,56,0.0308,0.742,0.784,0.0,1,-5.458,1,0.0552,101.002,4,0.65,dance rock
Goosebumps,HVME,67,0.325,0.767,0.659,0.0,1,-7.429,1,0.0444,124.946,4,0.439,slap house
Ridin' Solo,Jason Derulo,63,0.13,0.557,0.831,0.0,9,-4.02,1,0.132,89.677,4,0.586,dance pop
Neighbors,J. Cole,69,0.319,0.898,0.283,0.000383,6,-12.335,0,0.356,138.97,4,0.469,conscious hip hop
The London (feat. J. Cole & Travis Scott),Young Thug,65,0.0249,0.784,0.517,1.44e-06,4,-8.981,0,0.209,97.991,4,0.206,atl hip hop
Feel So Close - Radio Edit,Calvin Harris,84,0.000972,0.707,0.924,0.00703,7,-2.842,1,0.031,127.937,4,0.919,dance pop
Fire Burning,Sean Kingston,71,0.0192,0.839,0.804,0.0,1,-2.513,1,0.0329,122.973,4,0.888,dance pop
Often,The Weeknd,78,0.222,0.572,0.631,0.0,7,-9.836,0,0.0476,134.078,4,0.0713,canadian contemporary r&b
Same Bitches (feat. G-Eazy & YG),Post Malone,60,0.434,0.731,0.774,3.34e-06,10,-5.273,0,0.0555,100.005,4,0.22,dfw rap
rockstar,Post Malone,0,0.128,0.58,0.531,0.000127,5,-6.631,0,0.0776,159.786,4,0.141,dfw rap
GOSHA,$NOT,66,0.81,0.847,0.448,1.35e-05,0,-10.14,1,0.416,79.975,4,0.488,cloud rap
PICK IT UP (feat. A$AP Rocky),Famous Dex,59,0.0149,0.921,0.467,0.000238,1,-8.443,1,0.119,135.995,4,0.287,chicago rap
Kiss Me Thru The Phone,Soulja Boy,77,0.0188,0.758,0.712,0.0,7,-3.781,1,0.112,150.001,4,0.794,atl hip hop
Tonight Tonight,Hot Chelle Rae,68,0.0764,0.686,0.783,0.0,4,-4.977,1,0.119,99.978,4,0.814,dance rock
The Show Goes On,Lupe Fiasco,68,0.0189,0.591,0.889,0.0,7,-3.839,1,0.115,143.067,4,0.65,chicago rap
Down,Jay Sean,1,0.0108,0.657,0.695,0.0,2,-4.493,1,0.0321,65.997,4,0.683,dance pop
Way Out (feat. Big Sean),Jack Harlow,60,0.114,0.945,0.582,0.0,11,-8.357,0,0.0719,108.025,4,0.907,deep underground hip hop
Blinding Lights,The Weeknd,88,0.00143,0.513,0.73,9.54e-05,1,-5.94,1,0.0598,171.001,4,0.334,canadian contemporary r&b
Lemonade,Internet Money,7,0.256,0.799,0.66,0.0,1,-6.153,0,0.079,140.04,4,0.471,pop rap
Everybody Talks,Neon Trees,79,0.00301,0.471,0.924,0.0,8,-3.906,1,0.0584,154.962,4,0.716,modern rock
Without You (feat. Usher),David Guetta,64,0.227,0.608,0.614,3.82e-06,2,-3.727,1,0.0285,127.885,4,0.402,big room
Good Feeling,Flo Rida,78,0.0588,0.706,0.89,0.00286,1,-4.444,0,0.0688,128.011,4,0.684,dance pop
Like A G6,Far East Movement,69,0.00682,0.355,0.838,0.0,7,-8.126,0,0.471,165.457,5,0.783,asian american hip hop
Welcome To New York,Taylor Swift,55,0.038,0.793,0.634,1.76e-06,7,-4.807,1,0.0324,117.024,4,0.615,pop
Time of Our Lives,Pitbull,84,0.0921,0.721,0.802,0.0,1,-5.797,1,0.0583,124.022,4,0.724,dance pop
High For Hours,J. Cole,52,0.449,0.87,0.446,0.0,1,-9.818,1,0.424,95.518,4,0.684,conscious hip hop
MONTERO (Call Me By Your Name),Lil Nas X,4,0.297,0.61,0.508,0.0,8,-6.682,0,0.152,178.818,4,0.758,lgbtq+ hip hop
HOLIDAY,Lil Nas X,66,0.12,0.81,0.511,0.0,5,-6.924,0,0.164,151.947,4,0.837,lgbtq+ hip hop
Wet Dreamz,J. Cole,2,0.0751,0.517,0.705,0.0,6,-8.205,0,0.364,175.906,4,0.584,conscious hip hop
Panini,Lil Nas X,66,0.342,0.703,0.594,0.0,5,-6.146,0,0.0752,153.848,4,0.475,lgbtq+ hip hop
Only Ones To Know (feat. Leona Lewis),Pitbull,24,0.149,0.739,0.913,1.9e-06,8,-4.149,0,0.0414,127.964,4,0.535,dance pop
Marlboro Nights,Lonely God,70,0.00237,0.466,0.823,0.000321,2,-6.635,1,0.311,175.797,4,0.782,modern indie pop
ATM,J. Cole,57,0.115,0.772,0.498,0.0,8,-7.661,1,0.649,81.817,4,0.351,conscious hip hop
Avian,Mac Miller,0,0.267,0.548,0.689,0.0,7,-7.287,1,0.131,75.11,4,0.259,hip hop
Complicated,Mac Miller,58,0.136,0.831,0.36,0.00217,0,-8.073,1,0.052,75.014,4,0.601,hip hop
Suplexes Inside of Complexes and Duplexes,Mac Miller,0,0.82,0.405,0.754,0.000131,7,-6.687,0,0.498,80.06,4,0.474,hip hop
Smile Back,Mac Miller,0,0.000283,0.53,0.834,0.0,2,-6.547,1,0.156,151.349,4,0.235,hip hop
Missed Calls,Mac Miller,1,0.643,0.558,0.535,0.0,5,-10.37,1,0.163,169.859,4,0.464,hip hop
Wings,Mac Miller,63,0.818,0.656,0.33,0.00386,8,-8.771,1,0.162,119.057,4,0.349,hip hop
ROS,Mac Miller,62,0.601,0.535,0.448,0.0,1,-8.919,0,0.175,120.554,4,0.284,hip hop
Ladders,Mac Miller,70,0.236,0.802,0.463,0.00531,8,-8.379,1,0.162,103.961,4,0.291,hip hop
Circles,Mac Miller,65,0.896,0.61,0.0316,0.00461,9,-15.186,1,0.0486,151.964,4,0.37,hip hop
Rush Hour,Mac Miller,53,0.262,0.602,0.472,0.0,6,-5.375,0,0.265,163.817,4,0.304,hip hop
Floating,Mac Miller,50,0.669,0.505,0.391,0.052,3,-11.599,1,0.0416,135.12,4,0.36,hip hop
"American Dream (feat. J. Cole, Kendrick Lamar)",Jeezy,48,0.058,0.64,0.849,0.0,2,-5.684,1,0.153,76.983,4,0.64,atl hip hop
The Law (feat. Mac Miller & Rapsody),Ab-Soul,47,0.249,0.744,0.637,0.0,1,-7.297,0,0.301,139.882,4,0.697,conscious hip hop
Small Worlds,Mac Miller,75,0.814,0.516,0.546,4.5e-06,5,-9.105,1,0.249,78.267,4,0.515,hip hop
Window Pain - Outro,J. Cole,52,0.0607,0.719,0.626,0.0,8,-9.351,1,0.397,75.032,4,0.179,conscious hip hop
Jet Fuel,Mac Miller,67,0.54,0.791,0.557,0.0,7,-9.622,0,0.0698,119.973,4,0.284,hip hop
Love Yourz,J. Cole,0,0.609,0.502,0.623,0.0,8,-8.812,1,0.44,75.578,1,0.399,conscious hip hop
Apparently,J. Cole,1,0.564,0.8,0.543,0.0,5,-9.236,1,0.0911,133.98,4,0.534,conscious hip hop
Power Trip (feat. Miguel),J. Cole,0,0.322,0.667,0.61,0.000203,1,-7.054,1,0.217,99.991,4,0.465,conscious hip hop
Crooked Smile (feat. TLC),J. Cole,0,0.433,0.607,0.784,0.0,7,-6.293,1,0.268,81.004,4,0.482,conscious hip hop
2009,Mac Miller,65,0.77,0.533,0.496,0.000164,6,-9.363,0,0.517,155.158,4,0.173,hip hop
t h e . c l i m b . b a c k,J. Cole,51,0.0398,0.61,0.569,0.0,10,-9.447,0,0.345,81.409,4,0.287,conscious hip hop
Blue World,Mac Miller,73,0.389,0.742,0.553,0.0,8,-8.98,1,0.419,84.931,4,0.508,hip hop
i n t e r l u d e,J. Cole,0,0.11,0.604,0.668,0.0,1,-3.525,1,0.115,100.854,3,0.114,conscious hip hop
9 5 . s o u t h,J. Cole,58,0.271,0.713,0.793,0.0,2,-5.277,1,0.397,71.724,4,0.203,conscious hip hop
a m a r i,J. Cole,66,0.127,0.725,0.713,0.0,4,-6.173,0,0.187,65.988,4,0.207,conscious hip hop
m y . l i f e (with 21 Savage & Morray),J. Cole,72,0.0622,0.597,0.587,0.0,7,-7.026,0,0.137,140.021,4,0.0753,conscious hip hop
p u n c h i n ‘ . t h e . c l o c k,J. Cole,56,0.197,0.769,0.74,0.0,11,-6.579,0,0.378,94.104,4,0.692,conscious hip hop
1 0 0 . m i l ‘ (with Bas),J. Cole,56,0.334,0.711,0.647,0.0,2,-5.667,0,0.0822,125.092,4,0.227,conscious hip hop
i n t e r l u d e,J. Cole,60,0.0617,0.77,0.574,0.0,1,-5.525,1,0.106,98.962,3,0.104,conscious hip hop
t h e . c l i m b . b a c k,J. Cole,57,0.0526,0.618,0.632,0.0,11,-6.973,1,0.346,81.446,4,0.319,conscious hip hop
c l o s e,J. Cole,53,0.32,0.582,0.912,0.0,9,-5.637,1,0.432,87.931,4,0.515,conscious hip hop
h u n g e r . o n . h i l l s i d e (with Bas),J. Cole,58,0.126,0.563,0.703,0.0,2,-5.756,1,0.0702,94.983,4,0.294,conscious hip hop
Inside Outside,Mac Miller,52,0.0771,0.689,0.746,0.0,0,-5.971,1,0.0549,113.569,4,0.376,hip hop
Here We Go,Mac Miller,51,0.0205,0.489,0.867,0.0,6,-4.668,0,0.466,75.1,4,0.55,hip hop
Friends (feat. ScHoolboy Q),Mac Miller,48,0.149,0.557,0.678,0.0,1,-5.772,1,0.279,148.103,4,0.366,hip hop
Angel Dust,Mac Miller,54,0.467,0.628,0.822,0.0,5,-5.439,1,0.234,78.029,4,0.41,hip hop
Malibu,Mac Miller,45,0.145,0.591,0.581,4.9e-05,6,-5.76,0,0.165,78.104,4,0.226,hip hop
What Do You Do (feat. Sir Michael Rocks),Mac Miller,44,0.847,0.665,0.72,0.0,10,-5.698,1,0.422,87.894,4,0.444,hip hop
It Just Doesn’t Matter,Mac Miller,45,0.449,0.58,0.689,0.0,8,-6.637,0,0.104,96.878,4,0.778,hip hop
Therapy,Mac Miller,48,0.0323,0.634,0.661,0.00323,1,-7.008,0,0.0954,140.017,4,0.392,hip hop
Polo Jeans (feat. Earl Sweatshirt),Mac Miller,50,0.493,0.732,0.635,7.02e-06,1,-7.891,1,0.41,147.025,4,0.581,hip hop
Happy Birthday,Mac Miller,45,0.00353,0.657,0.667,0.0,11,-5.233,0,0.0589,86.018,4,0.386,hip hop
Wedding,Mac Miller,47,0.722,0.482,0.646,0.0,1,-6.75,1,0.386,132.551,1,0.35,hip hop
Funeral,Mac Miller,50,0.655,0.659,0.609,7.69e-06,0,-6.976,1,0.157,74.005,4,0.377,hip hop
Diablo,Mac Miller,60,0.0395,0.595,0.617,4.06e-06,1,-4.238,1,0.31,159.83,4,0.464,hip hop
Ave Maria,Mac Miller,45,0.0822,0.426,0.758,0.0,5,-4.674,0,0.25,170.45,4,0.654,hip hop
55,Mac Miller,42,0.506,0.46,0.546,0.486,0,-7.839,1,0.041,132.173,4,0.237,hip hop
San Francisco,Mac Miller,44,0.182,0.59,0.59,2.51e-05,0,-7.103,1,0.447,77.914,4,0.19,hip hop
Colors and Shapes,Mac Miller,46,0.522,0.645,0.458,0.0914,7,-8.888,0,0.0537,142.175,4,0.397,hip hop
Insomniak (feat. Rick Ross),Mac Miller,46,0.093,0.697,0.663,0.0,1,-5.594,1,0.108,120.08,4,0.314,hip hop
Uber (feat. Mike Jones),Mac Miller,44,0.391,0.537,0.737,0.000333,5,-5.858,0,0.319,170.177,4,0.617,hip hop
Rain (feat. Vince Staples),Mac Miller,57,0.528,0.443,0.737,0.0,0,-5.943,1,0.332,177.462,4,0.68,hip hop
Apparition,Mac Miller,42,0.118,0.678,0.619,0.000383,9,-6.795,1,0.334,75.454,4,0.27,hip hop
Thumbalina,Mac Miller,46,0.0697,0.542,0.794,2.74e-06,2,-4.723,0,0.395,95.736,4,0.689,hip hop
New Faces v2 (feat. Earl Sweatshirt and Da$h),Mac Miller,50,0.0536,0.479,0.598,0.0,1,-5.807,0,0.323,110.456,3,0.244,hip hop
Grand Finale,Mac Miller,45,0.188,0.613,0.717,0.0,2,-5.409,1,0.116,78.05,3,0.325,hip hop
Yeah - bonus,Mac Miller,54,0.139,0.511,0.793,8.06e-06,8,-5.231,1,0.072,148.082,4,0.146,hip hop
That's Life (feat. Mac Miller & Sia),88-Keys,60,0.24,0.525,0.774,1.07e-06,9,-4.532,1,0.241,154.192,4,0.526,alternative hip hop
Love & War in Your Twenties,Jordy Searcy,0,0.22,0.736,0.525,0.00153,2,-9.694,1,0.0296,102.986,4,0.529,indiecoustica
We Are Young (feat. Janelle Monáe),fun.,72,0.02,0.378,0.638,7.66e-05,10,-5.576,1,0.075,184.086,4,0.735,baroque pop
Crystals,Of Monsters and Men,59,0.00202,0.581,0.747,0.000449,0,-7.207,1,0.0303,132.195,4,0.325,folk-pop
Growing Sideways,Noah Kahan,67,0.737,0.516,0.289,0.0,7,-8.679,1,0.0311,178.148,4,0.563,pov: indie
Midas,The 502s,24,0.563,0.478,0.481,3.68e-05,5,-12.117,1,0.0419,146.171,4,0.323,
Olivia,The 502s,25,0.0288,0.608,0.89,0.0224,2,-6.198,1,0.0847,150.181,4,0.847,
Viva La Vida,Coldplay,88,0.0954,0.486,0.617,3.23e-06,5,-7.115,0,0.0287,138.015,4,0.417,permanent wave
She Will Be Loved,Maroon 5,71,0.0596,0.706,0.713,0.0,0,-5.512,0,0.0301,102.032,4,0.544,pop
Payphone,Maroon 5,66,0.0136,0.739,0.756,0.0,4,-4.828,1,0.0393,110.028,4,0.522,pop
"Hey, Soul Sister",Train,85,0.185,0.673,0.886,0.0,1,-4.44,0,0.0431,97.012,4,0.795,dance pop
Some Nights,fun.,67,0.0178,0.672,0.738,6.75e-05,0,-7.045,1,0.0506,107.938,4,0.392,baroque pop
Drive By,Train,81,0.00107,0.765,0.837,1.06e-05,1,-3.113,0,0.032,122.028,4,0.721,dance pop
Titanium (feat. Sia),David Guetta,56,0.0678,0.604,0.788,0.153,0,-3.673,0,0.103,126.06,4,0.301,big room
Too Much To Ask,Niall Horan,63,0.371,0.443,0.533,0.0,0,-6.548,1,0.0396,77.344,4,0.201,pop
Thunder,Imagine Dragons,85,0.00672,0.604,0.822,0.134,0,-4.833,1,0.0438,167.997,4,0.288,modern rock
Apologize,OneRepublic,67,0.363,0.593,0.74,2.22e-05,8,-6.12,1,0.0339,118.008,4,0.502,piano rock
Billionaire (feat. Bruno Mars),Travie McCoy,70,0.297,0.633,0.673,0.0,6,-6.403,0,0.258,86.776,4,0.659,pop rap
Falling Like The Stars,James Arthur,62,0.823,0.296,0.351,1.45e-06,6,-9.538,1,0.0352,177.06,3,0.19,pop
Pumped Up Kicks,Foster The People,85,0.145,0.733,0.71,0.115,5,-5.849,0,0.0292,127.975,4,0.965,indietronica
Paradise,Bazzi,0,0.0828,0.844,0.644,0.0,11,-6.273,0,0.0479,122.061,4,0.591,pop
I Don't Belong In This Club,Why Don't We,0,0.0202,0.797,0.543,0.0,11,-5.744,1,0.0439,115.036,4,0.164,boy band
Cross Me (feat. Chance the Rapper & PnB Rock),Ed Sheeran,55,0.214,0.746,0.787,0.0,4,-6.373,1,0.12,95.005,4,0.607,pop
Secrets,OneRepublic,74,0.0717,0.516,0.764,0.0,2,-6.223,1,0.0366,148.021,4,0.376,piano rock
Antisocial (with Travis Scott),Ed Sheeran,60,0.132,0.716,0.823,0.0,5,-5.313,0,0.0495,151.957,4,0.91,pop
I’m Yours,Jason Mraz,28,0.957,0.549,0.107,0.0,0,-16.147,1,0.0844,74.63,4,0.307,acoustic pop
Lucky,Jason Mraz,67,0.294,0.625,0.414,0.0,0,-8.7,1,0.0369,130.088,4,0.669,acoustic pop
Still into You,Paramore,78,0.0098,0.602,0.923,0.0,5,-3.763,1,0.044,136.01,4,0.765,candy pop
Somebody That I Used To Know,Gotye,75,0.591,0.864,0.495,0.000133,0,-7.036,1,0.037,129.062,4,0.72,australian pop
Story of My Life,One Direction,83,0.225,0.6,0.663,0.0,3,-5.802,1,0.0477,121.07,4,0.286,boy band
What Makes You Beautiful,One Direction,84,0.009,0.726,0.787,0.0,4,-2.494,1,0.0737,124.99,4,0.888,boy band
Fireflies,Owl City,77,0.0275,0.512,0.662,0.0,3,-6.797,1,0.0439,180.114,4,0.472,indietronica
Someone To You,BANNERS,68,0.00568,0.468,0.936,0.0,2,-3.683,1,0.0455,75.05,4,0.663,indie poptimism
Hang On,NEEDTOBREATHE,46,0.005,0.536,0.862,0.000335,8,-4.12,1,0.0523,127.978,4,0.528,ccm
Cooks,Still Woozy,63,0.434,0.45,0.583,0.0126,4,-10.49,0,0.0811,77.066,4,0.701,bedroom pop
Window,Still Woozy,55,0.436,0.714,0.483,2.3e-05,4,-9.378,0,0.195,91.025,4,0.67,bedroom pop
History,One Direction,70,0.0359,0.655,0.697,0.0,11,-4.421,1,0.0493,86.704,4,0.802,boy band
It's Not Living (If It's Not With You),The 1975,69,0.000254,0.618,0.837,0.000341,1,-5.334,1,0.0304,121.231,4,0.526,modern alternative rock
I Lived,OneRepublic,61,0.0746,0.598,0.854,0.0,9,-5.429,1,0.0436,119.976,4,0.311,piano rock
Dear Fear,The Monroe Doctors,0,0.586,0.494,0.806,0.0207,7,-5.638,1,0.0375,159.924,4,0.616,south carolina indie
Foreigner's God,Hozier,41,0.163,0.503,0.445,0.000475,8,-7.624,1,0.0292,88.866,4,0.382,irish singer-songwriter
Your Soul,Forrest.,50,0.0244,0.846,0.851,0.0,9,-3.821,1,0.372,139.966,4,0.822,lo-fi rap
Cigarettes On Patios,BabyJake,59,0.256,0.752,0.712,0.0,4,-5.467,0,0.0474,139.999,4,0.588,singer-songwriter pop
Guilty Pleasure,Bryce Vine,47,0.00368,0.651,0.836,0.0,6,-5.769,1,0.0462,150.046,4,0.88,indie pop rap
All Night Longer,Sammy Adams,55,0.000652,0.712,0.649,0.0,1,-4.753,1,0.063,127.028,4,0.616,indie pop rap
Empty Bottles (feat. MOD SUN),Bryce Vine,39,0.0213,0.58,0.771,5.62e-05,11,-5.096,1,0.0506,163.987,4,0.35,indie pop rap
Mr. Brightside,The Killers,0,0.00104,0.344,0.931,0.0,1,-3.759,1,0.0783,148.104,4,0.251,alternative rock
La La Land,Bryce Vine,56,0.289,0.726,0.512,0.0,11,-4.667,1,0.0361,97.965,4,0.52,indie pop rap
Runaway Baby,Bruno Mars,70,0.263,0.658,0.762,0.0,10,-3.028,0,0.0425,163.864,4,0.823,dance pop
Come Around,Hoodie Allen,0,0.387,0.725,0.752,0.0,9,-4.919,1,0.108,77.543,4,0.824,indie pop rap
Kinfolks,Sam Hunt,51,0.0808,0.565,0.805,0.0,0,-4.457,1,0.0489,76.04,4,0.869,contemporary country
Right Back,Khalid,53,0.0659,0.788,0.427,3.63e-05,5,-9.918,0,0.308,97.03,4,0.603,pop
Magic In The Hamptons (feat. Lil Yachty),Social House,71,0.66,0.769,0.479,0.0,1,-5.339,1,0.0385,96.051,4,0.803,
Sour Patch Kids,Bryce Vine,56,0.0145,0.515,0.782,1.67e-05,9,-5.083,1,0.0597,76.604,4,0.566,indie pop rap
shining on my ex,bbno$,53,0.121,0.645,0.487,0.0,4,-8.584,0,0.352,88.893,4,0.618,canadian hip hop
Break My Stride,Matthew Wilder,71,0.195,0.917,0.588,0.0,10,-11.047,1,0.0607,110.077,4,0.828,new wave pop
Leave The Night On,Sam Hunt,61,0.0951,0.514,0.951,0.0,9,-3.813,1,0.0603,171.96,4,0.838,contemporary country
Somewhere In My Car,Keith Urban,52,0.0072,0.6,0.867,6.25e-05,10,-5.394,1,0.0367,118.032,4,0.619,contemporary country
"Sunflower, Vol. 6",Harry Styles,66,0.000564,0.566,0.846,0.000795,7,-6.904,0,0.035,160.02,4,0.86,pop
Everybody Talks,Neon Trees,49,0.00301,0.471,0.924,0.0,8,-3.906,1,0.0584,154.962,4,0.716,modern rock
3 Nights,Dominic Fike,78,0.223,0.815,0.518,0.0,7,-6.594,0,0.0897,151.891,4,0.877,alternative pop rock
3:15,Bazzi,60,0.385,0.651,0.654,0.0,1,-5.481,1,0.0466,141.975,4,0.539,pop
Paradise,Bazzi,71,0.0828,0.844,0.644,0.0,11,-6.273,0,0.0479,122.061,4,0.591,pop
8TEEN,Khalid,75,0.225,0.83,0.585,0.00209,1,-5.802,1,0.0366,105.03,4,0.642,pop
Brooklyn In The Summer,Aloe Blacc,51,0.0914,0.656,0.514,0.0,5,-5.27,1,0.0672,120.073,4,0.818,pop soul
OTW,Khalid,67,0.183,0.652,0.678,3.26e-05,2,-6.183,1,0.0541,72.989,4,0.28,pop
Talk (feat. Disclosure),Khalid,68,0.0516,0.9,0.4,0.0,0,-8.575,1,0.127,135.984,4,0.346,pop
Tongue Tied,GROUPLOVE,79,0.00847,0.56,0.936,0.0,3,-5.835,1,0.0439,112.96,4,0.371,indie rock
Sunday Best,Surfaces,17,0.183,0.878,0.525,0.0,5,-6.832,1,0.0578,112.022,4,0.694,bedroom soul
Drew Barrymore,Bryce Vine,59,0.46,0.758,0.574,0.00272,11,-6.889,0,0.0572,151.985,4,0.261,indie pop rap
American Teen,Khalid,62,0.0683,0.658,0.623,0.0,0,-6.934,1,0.0398,100.436,4,0.207,pop
La La Land (feat. YG),Bryce Vine,60,0.221,0.774,0.473,0.0,1,-5.122,0,0.0569,97.953,4,0.416,indie pop rap
Out of My League,Fitz and The Tantrums,75,0.0387,0.545,0.968,0.00325,9,-3.553,0,0.0853,169.965,4,0.527,la indie
Make You Mine,PUBLIC,71,0.0128,0.606,0.799,0.0,9,-4.452,1,0.0261,103.014,4,0.638,indie rockism
Hundred,Khalid,51,0.0521,0.772,0.483,0.000375,6,-10.06,0,0.0564,120.005,4,0.479,pop
Summer on You,PRETTYMUCH,53,0.636,0.811,0.447,0.0,4,-6.55,1,0.0414,99.995,4,0.694,boy band
Young Dumb & Broke,Khalid,81,0.199,0.799,0.539,1.66e-05,1,-6.351,1,0.0421,136.948,4,0.394,pop
Midsummer Madness,88rising,12,0.359,0.409,0.678,4.76e-06,9,-7.731,1,0.0878,89.968,4,0.168,asian american hip hop
Outta My Head (with John Mayer),Khalid,63,0.0174,0.729,0.545,0.000274,0,-7.818,1,0.0316,103.012,4,0.514,pop
Good Things Fall Apart (with Jon Bellion),ILLENIUM,61,0.012,0.643,0.603,0.0,2,-5.416,1,0.0311,144.01,4,0.42,edm
Good Life,Keiynan Lonsdale,19,0.348,0.681,0.628,0.0,2,-3.969,1,0.0738,175.076,4,0.45,
bright side of the moon,Christian French,39,0.0223,0.648,0.792,0.0,11,-5.881,0,0.0597,147.88,4,0.629,alt z
Take Me Home,Bryce Vine,38,0.0512,0.611,0.893,0.0,5,-4.285,1,0.0805,88.532,4,0.729,indie pop rap
superstars,Christian French,28,0.0589,0.312,0.614,0.0,8,-6.073,1,0.0466,205.379,4,0.356,alt z
Suncity (feat. Empress Of),Khalid,55,0.0998,0.694,0.63,0.000635,7,-6.84,0,0.162,90.045,4,0.341,pop
Twenty One,Khalid,49,0.212,0.776,0.445,0.00409,9,-8.574,1,0.0371,109.981,4,0.405,pop
Up All Night,Khalid,55,0.00103,0.665,0.712,0.00333,1,-7.536,1,0.0527,93.992,4,0.669,pop
Eleven,Khalid,55,0.112,0.701,0.396,0.0209,4,-10.182,0,0.119,129.004,4,0.115,pop
Let's Do It Again,J Boog,61,0.578,0.631,0.696,0.0,0,-5.631,0,0.211,173.537,4,0.927,kaneka
UCLA,RL Grime,4,0.0742,0.536,0.879,0.0,1,-3.019,1,0.0621,140.137,4,0.334,brostep
One Thing,One Direction,71,0.00233,0.713,0.718,0.0,2,-3.806,1,0.0278,126.999,4,0.656,boy band
Good Time,Ocean Park Standoff,47,0.0106,0.708,0.62,6.08e-06,8,-5.903,1,0.125,145.073,4,0.912,la pop
Oak Trees,Daniel Nunnelee,0,0.203,0.617,0.14,0.0,2,-18.492,1,0.0307,99.837,4,0.159,nashville singer-songwriter
Good Day Sunshine - Remastered 2009,The Beatles,54,0.719,0.77,0.496,0.0,11,-8.45,1,0.0468,117.331,3,0.571,british invasion
Magnolia,Brett Eldredge,31,0.0335,0.595,0.715,0.0,2,-6.124,1,0.0337,83.015,4,0.677,contemporary country
Bones (feat. OneRepublic),Galantis,55,0.00463,0.658,0.804,0.0,0,-5.735,1,0.0377,120.047,4,0.508,dance pop
Drown (feat. Clinton Kane),Martin Garrix,61,0.212,0.573,0.739,0.0,9,-5.455,1,0.0581,120.077,4,0.363,dutch edm
Beautiful,Kygo,48,0.0349,0.614,0.709,0.0,11,-5.742,0,0.0428,123.843,4,0.269,edm
Bibia Be Ye Ye,Ed Sheeran,58,0.52,0.738,0.677,0.0,7,-5.121,1,0.0824,127.067,4,0.882,pop
I'm Good,The Mowgli's,51,0.0115,0.612,0.921,0.0,0,-5.338,1,0.0705,96.042,4,0.674,hopebeat
People Need A Melody,The Head And The Heart,50,0.192,0.586,0.54,0.0,0,-5.761,1,0.0255,82.156,4,0.162,folk-pop
Alive,NEEDTOBREATHE,0,0.00278,0.603,0.867,2.4e-05,2,-5.092,1,0.0475,127.991,4,0.611,ccm
long story short,Taylor Swift,62,0.66,0.546,0.73,0.179,0,-7.704,1,0.0417,157.895,4,0.573,pop
love ride,Christian French,29,0.206,0.55,0.58,1.02e-06,4,-7.687,0,0.0784,82.27,4,0.484,alt z
Missing Piece,Vance Joy,62,0.0155,0.628,0.877,5.97e-06,0,-4.205,1,0.046,101.992,4,0.721,folk-pop
AOK,Tai Verdes,58,0.125,0.731,0.626,0.0,11,-6.919,1,0.0805,82.488,4,0.862,modern indie pop
baseball,Hippo Campus,53,0.0034,0.602,0.915,0.0,9,-3.62,1,0.0541,111.512,4,0.581,modern rock
Under The Sun - Acoustic,Rhys Lewis,40,0.896,0.907,0.333,0.0,4,-11.178,1,0.079,105.896,4,0.615,uk pop
Just A Little While,The 502s,57,0.0897,0.636,0.788,0.0,5,-9.177,0,0.0432,125.0,4,0.701,
No Way!,Bazzi,45,0.174,0.665,0.709,0.0,1,-4.117,0,0.0407,76.058,4,0.357,pop
It's Plenty,Burna Boy,67,0.36,0.776,0.565,8.81e-05,7,-10.609,1,0.105,107.035,4,0.53,afrobeats
Paris,Taylor Swift,65,0.103,0.703,0.518,2.89e-05,7,-10.501,1,0.085,110.94,4,0.347,pop
Joy,Bastille,53,0.197,0.555,0.923,0.0,6,-4.748,0,0.161,118.007,4,0.363,metropopolis
Colour In The Ordinary,Tors,0,0.548,0.403,0.472,0.0,10,-6.655,1,0.0337,84.206,4,0.239,
Neighborhood,American Authors,41,0.15,0.531,0.578,0.0,6,-7.473,0,0.0406,81.989,4,0.348,modern rock
Alright,Darius Rucker,68,0.0527,0.601,0.806,0.0,7,-4.579,1,0.0345,89.87,4,0.711,black americana
The Hard Way,PNAU,56,0.072,0.691,0.906,0.0,0,-4.458,1,0.171,119.978,4,0.657,alternative dance
Finesse - Remix; feat. Cardi B,Bruno Mars,72,0.0185,0.704,0.859,0.0,5,-4.877,0,0.0996,105.115,4,0.926,dance pop
Somebody To You,The Vamps,71,0.0581,0.525,0.818,0.0,3,-5.952,1,0.0358,171.962,4,0.897,boy band
Sunkissed,khai dreams,2,0.595,0.766,0.354,0.0,6,-9.486,1,0.0543,153.902,4,0.792,lo-fi rap
Dog Days Are Over,Florence + The Machine,75,0.0416,0.492,0.81,0.00379,7,-5.315,1,0.0847,149.954,4,0.245,baroque pop
Crash My Car,COIN,0,0.00178,0.244,0.645,0.00574,5,-5.863,1,0.0456,183.577,5,0.529,pov: indie
Paper Planes,M.I.A.,0,0.033,0.447,0.848,7.45e-05,2,-6.175,1,0.222,172.247,4,0.485,escape room
Budapest,George Ezra,0,0.0846,0.717,0.455,0.0,5,-8.303,1,0.0276,127.812,4,0.389,folk-pop
Good Time,Owl City,76,0.0239,0.56,0.872,6.98e-06,3,-4.269,1,0.14,126.05,4,0.682,indietronica
Die Young,Kesha,78,0.00498,0.711,0.7,0.000125,1,-4.805,0,0.046,128.001,4,0.801,dance pop
MAMACITA,Black Eyed Peas,47,0.19,0.88,0.626,0.000755,2,-7.062,1,0.0473,105.01,4,0.441,dance pop
Say Love,James TW,0,0.119,0.753,0.457,1.15e-06,1,-7.533,1,0.0541,84.038,4,0.549,british singer-songwriter
Electric Love,BØRNS,79,0.00543,0.611,0.797,0.00137,6,-7.627,0,0.0533,120.041,4,0.518,indie poptimism
Crush Culture,Conan Gray,62,0.146,0.522,0.765,0.0,0,-5.395,1,0.193,180.065,4,0.455,bedroom pop
Love You Like A Love Song,Selena Gomez & The Scene,78,0.0761,0.858,0.678,0.0,1,-3.87,0,0.0469,117.009,4,0.922,pop
Bad Romance,Lady Gaga,82,0.00314,0.695,0.921,5.26e-05,0,-3.752,1,0.0363,119.007,4,0.714,art pop
Best Song Ever,One Direction,75,0.0227,0.652,0.877,0.0,1,-2.986,1,0.0465,118.491,4,0.486,boy band
Bad Girls,M.I.A.,72,0.00107,0.639,0.912,0.0,1,-2.621,1,0.0615,143.448,4,0.343,escape room
So What,P!nk,77,0.000334,0.534,0.87,0.0,11,-3.078,0,0.0425,126.019,4,0.462,dance pop
Last First Kiss,One Direction,0,0.0563,0.531,0.811,0.0,4,-2.556,1,0.0426,82.14,4,0.484,boy band
Dancing Queen,ABBA,1,0.382,0.539,0.884,0.00166,9,-6.53,1,0.0403,100.812,4,0.752,europop
Want U Back,Cher Lloyd,60,0.0562,0.694,0.891,0.0,9,-2.94,1,0.0949,97.939,4,0.563,dance pop
Summer Days (feat. Macklemore & Patrick Stump of Fall Out Boy),Martin Garrix,72,0.179,0.661,0.723,1.23e-05,5,-6.976,0,0.0566,113.778,4,0.316,dutch edm
Sunday Best,Surfaces,0,0.192,0.879,0.536,0.0,5,-6.843,1,0.0602,112.02,4,0.654,bedroom soul
Walk Me Home,P!nk,58,0.0507,0.652,0.453,0.0,1,-6.119,1,0.0445,88.039,3,0.432,dance pop
BOOMBAYAH - Japanese Version,BLACKPINK,34,0.0279,0.751,0.867,3.4e-06,5,-2.337,0,0.0541,124.973,4,0.521,k-pop
I Gotta Feeling,Black Eyed Peas,6,0.0873,0.743,0.766,0.0,0,-6.375,1,0.0265,127.96,4,0.61,dance pop
Let's Fall in Love for the Night,FINNEAS,22,0.802,0.737,0.408,0.0,5,-7.941,1,0.104,127.921,4,0.374,alt z
Honesty,Pink Sweat$,0,0.964,0.66,0.139,8.02e-06,6,-16.339,0,0.0322,79.976,4,0.306,bedroom soul
I Don't Belong In This Club,Why Don't We,51,0.0202,0.797,0.543,0.0,11,-5.744,1,0.0439,115.036,4,0.164,boy band
Like Someone In Love,Bruno Major,0,0.649,0.597,0.462,7.28e-06,10,-7.816,1,0.0597,71.578,4,0.377,singer-songwriter pop
Younger,Ruel,53,0.202,0.745,0.477,0.0,11,-7.706,0,0.088,136.055,4,0.454,alt z
Streetcar,Daniel Caesar,66,0.721,0.41,0.298,0.0,3,-11.796,1,0.0473,109.651,3,0.142,canadian contemporary r&b
I Like U,NIKI,9,0.071,0.48,0.526,0.0,5,-7.099,1,0.275,199.662,3,0.374,indonesian r&b
Crazy,Gnarls Barkley,77,0.053,0.866,0.537,0.0156,8,-5.786,1,0.0335,111.987,4,0.643,atl hip hop
She Will Be Loved - Radio Mix,Maroon 5,80,0.228,0.651,0.663,0.0,0,-5.569,0,0.0281,102.0,4,0.465,pop
Hold Me While You Wait,Lewis Capaldi,56,0.443,0.688,0.53,0.0,11,-5.507,1,0.0333,106.958,4,0.162,pop
Easily,Bruno Major,17,0.491,0.772,0.256,0.00612,7,-8.545,0,0.0481,118.902,3,0.357,singer-songwriter pop
Saturday Sun,Vance Joy,70,0.484,0.637,0.864,0.0,8,-4.381,1,0.0468,99.995,4,0.706,folk-pop
Good Thing (with Kehlani),Zedd,61,0.399,0.693,0.564,0.0,1,-3.857,0,0.0378,185.913,3,0.574,complextro
(Girl We Got A) Good Thing,Weezer,34,0.00416,0.554,0.707,0.0,3,-7.308,1,0.0368,128.079,4,0.38,alternative rock
Sunflower,Rex Orange County,4,0.646,0.384,0.765,0.00352,6,-4.463,1,0.0579,129.903,4,0.567,bedroom pop
Sue Me,Sabrina Carpenter,70,0.0422,0.46,0.809,5.04e-05,6,-5.415,1,0.326,157.184,4,0.609,pop
Best Friend,Rex Orange County,2,0.395,0.575,0.714,0.0,6,-5.247,1,0.0596,144.982,4,0.32,bedroom pop
Loving Is Easy (feat. Benny Sings),Rex Orange County,3,0.217,0.756,0.609,0.00482,3,-7.927,1,0.0544,117.024,4,0.537,bedroom pop
Can I Call You Tonight?,Dayglow,20,0.132,0.641,0.842,0.91,9,-7.27,1,0.0292,129.98,4,0.5,austindie
Dazed & Confused,Ruel,59,0.102,0.688,0.5,0.0,2,-7.411,1,0.138,127.906,3,0.418,alt z
hot girl bummer,blackbear,1,0.128,0.778,0.559,0.0,6,-7.109,0,0.0776,129.989,1,0.678,alt z
No One Compares To You,Jack & Jack,55,0.127,0.7,0.747,0.0,1,-6.044,1,0.0436,111.941,4,0.629,pop
Painkiller,Ruel,63,0.0875,0.683,0.42,0.0,5,-6.51,1,0.0542,128.621,4,0.469,alt z
Sober,Childish Gambino,0,0.101,0.701,0.592,2.53e-05,0,-6.646,1,0.0301,98.067,4,0.421,atl hip hop
Learn To Fly,Surfaces,0,0.554,0.569,0.536,0.0,1,-6.137,1,0.0819,173.695,4,0.656,bedroom soul
La Di Da,Lennon Stella,50,0.195,0.689,0.679,0.00111,7,-5.893,1,0.0517,149.972,4,0.475,alt z
Roses (with Juice WRLD feat. Brendon Urie),benny blanco,59,0.166,0.613,0.6,0.0,8,-7.097,1,0.154,147.059,4,0.532,pop
Losin Control,Russ,48,0.515,0.759,0.245,0.000154,6,-6.545,1,0.138,96.992,4,0.209,hawaiian hip hop
Kokomo,The Beach Boys,0,0.0107,0.684,0.643,0.0,0,-10.252,1,0.0329,115.571,4,0.922,baroque pop
Just the Way You Are,Bruno Mars,83,0.0134,0.635,0.841,0.0,5,-5.379,1,0.0422,109.021,4,0.424,dance pop
Mariposa,Peach Tree Rascals,4,0.617,0.676,0.525,0.0,9,-5.88,1,0.028,112.011,4,0.421,pov: indie
Best Day Of My Life,American Authors,78,0.0591,0.673,0.902,0.000227,2,-2.392,1,0.0346,100.012,4,0.536,modern rock
Need You Now,Lady A,69,0.0906,0.588,0.622,0.000633,4,-5.535,1,0.0303,107.942,4,0.229,contemporary country
Life Of The Party,Shawn Mendes,58,0.0663,0.666,0.615,0.0,10,-4.995,1,0.0314,113.978,4,0.161,canadian pop
On Chill (feat. Jeremih),Wale,62,0.134,0.597,0.733,0.0,1,-6.017,1,0.41,171.016,4,0.639,pop rap
Pure Water (with Migos),Mustard,71,0.177,0.68,0.559,0.0,0,-5.545,1,0.127,202.018,4,0.135,cali rap
Speechless,Dan + Shay,69,0.356,0.616,0.438,0.0,1,-5.968,1,0.0298,135.929,4,0.386,contemporary country
Waste,Foster The People,55,0.0633,0.681,0.736,7.96e-06,8,-6.269,1,0.0288,125.976,4,0.849,indietronica
Fake It,Bastille,41,0.212,0.594,0.75,2.41e-06,0,-4.674,0,0.0429,144.992,4,0.246,metropopolis
Good Grief,Bastille,59,0.143,0.731,0.758,0.0,1,-4.888,1,0.065,120.041,4,0.88,metropopolis
Always Yours,BANNERS,25,0.42,0.543,0.639,0.0,2,-6.363,1,0.049,144.876,4,0.53,indie poptimism
Falling Over You,Johnny Knox,0,0.112,0.671,0.672,0.0,11,-6.374,1,0.0324,119.949,4,0.825,
Simple Things,30,40,0.24,0.447,0.763,0.0,9,-5.062,0,0.552,179.883,4,0.571,
Strings Attached,30,3,0.528,0.61,0.668,0.000118,2,-6.634,1,0.0821,129.9,4,0.31,
Cheers to My Teenage Years,Chase Cimala,28,0.0902,0.728,0.394,0.0,6,-9.797,1,0.126,91.992,4,0.262,
John Wayne,Cigarettes After Sex,2,0.35,0.429,0.457,0.859,3,-8.375,1,0.0294,124.033,4,0.183,ambient pop
Learnalilgivinanlovin,Gotye,24,0.205,0.726,0.797,6.33e-05,5,-4.404,1,0.043,128.991,4,0.701,australian pop
Falling,Trevor Daniel,3,0.123,0.785,0.431,0.0,10,-8.756,0,0.0364,127.085,4,0.236,melodic rap
wish you were gay,Billie Eilish,72,0.39,0.853,0.351,9.38e-06,7,-10.198,1,0.241,118.028,4,0.282,art pop
Cold in LA,Why Don't We,45,0.133,0.676,0.624,3.35e-06,8,-5.731,1,0.065,109.986,4,0.726,boy band
if this is the last time,LANY,0,0.0175,0.565,0.586,0.0,11,-7.726,1,0.0363,147.986,4,0.43,la pop
Just Friends,Virginia To Vegas,51,0.156,0.793,0.714,0.0,7,-7.562,1,0.193,100.036,4,0.794,canadian pop
Fallingforyou,The 1975,55,0.892,0.264,0.285,0.000568,1,-15.208,1,0.0382,84.8,4,0.0776,modern alternative rock
Count on Me,Bruno Mars,73,0.851,0.589,0.389,0.0,0,-5.972,1,0.028,89.1,4,0.501,dance pop
I Know You Want Me (Calle Ocho),Pitbull,71,0.0152,0.817,0.733,4.31e-05,2,-6.009,1,0.145,127.056,4,0.833,dance pop
Ain't It Fun,Paramore,72,0.154,0.61,0.893,4.41e-05,9,-3.681,1,0.0921,104.031,4,0.673,candy pop
Love The Way You Lie,Eminem,84,0.241,0.749,0.925,0.0,10,-5.034,1,0.227,86.989,4,0.641,detroit hip hop
Maniac,Conan Gray,17,0.00122,0.623,0.647,0.0,8,-5.438,1,0.04,107.987,4,0.522,bedroom pop
Are You Bored Yet? (feat. Clairo),Wallows,80,0.156,0.682,0.683,2.32e-05,8,-6.444,0,0.0287,120.023,4,0.64,pov: indie
Mr. Blue Sky,Electric Light Orchestra,78,0.652,0.388,0.338,3.73e-06,10,-10.054,1,0.0329,177.765,4,0.478,album rock
Talk Too Much,COIN,67,0.00947,0.598,0.888,0.0,4,-5.119,1,0.0807,103.966,4,0.482,pov: indie
Black And White,Niall Horan,64,0.0302,0.443,0.582,0.0,2,-6.015,1,0.0482,147.587,4,0.233,pop
wave,gianni & kyle,35,0.262,0.744,0.43,0.0,7,-9.835,1,0.162,89.993,4,0.286,indie pop rap
Alive,Khalid,47,0.832,0.386,0.406,0.0597,11,-10.419,1,0.0425,78.616,4,0.205,pop
talk is overrated,Jeremy Zucker,56,0.436,0.776,0.355,0.0,4,-8.319,0,0.0685,138.036,4,0.663,alt z
blind,ROLE MODEL,0,0.154,0.765,0.663,0.00024,0,-5.221,1,0.0661,150.099,4,0.678,alt z
supercuts,Jeremy Zucker,53,0.0789,0.807,0.539,0.0,11,-8.193,1,0.124,127.992,4,0.755,alt z
All Night,The Vamps,68,0.0041,0.538,0.804,0.0,8,-5.194,1,0.0358,144.992,4,0.507,boy band
Intro,Khalid,47,0.308,0.213,0.414,0.0257,0,-9.725,1,0.0339,79.556,4,0.0553,pop
Bad Luck,Khalid,52,0.277,0.432,0.52,0.371,1,-5.515,0,0.0548,164.047,4,0.303,pop
My Bad,Khalid,54,0.547,0.577,0.578,0.59,0,-9.146,0,0.0907,84.963,4,0.367,pop
Better,Khalid,53,0.0503,0.692,0.552,0.165,0,-9.543,0,0.0497,98.028,4,0.15,pop
Don't Pretend,Khalid,54,0.258,0.697,0.551,0.00551,11,-8.833,1,0.0815,89.0,4,0.219,pop
Paradise,Khalid,49,0.206,0.581,0.452,0.00329,11,-9.558,1,0.15,75.046,4,0.523,pop
Free Spirit,Khalid,55,0.308,0.627,0.446,0.00077,2,-9.477,0,0.0332,139.994,4,0.11,pop
Bluffin',Khalid,45,0.354,0.529,0.314,0.000436,0,-10.323,1,0.0461,129.666,3,0.288,pop
Self,Khalid,46,0.44,0.618,0.693,0.759,1,-7.889,0,0.333,143.98,4,0.439,pop
Heaven,Khalid,45,0.613,0.42,0.479,0.663,8,-8.881,1,0.0374,116.989,4,0.11,pop
Saturday Nights,Khalid,51,0.634,0.574,0.37,9.4e-05,10,-10.803,1,0.0841,83.162,4,0.354,pop
Still,Jeff Bernat,60,0.581,0.485,0.315,0.000349,4,-11.599,1,0.0946,134.714,4,0.425,chill r&b
Backyard Boy,Claire Rosinkranz,57,0.321,0.817,0.634,0.0,5,-7.246,1,0.162,138.015,4,0.453,alt z
Glitter,BENEE,61,0.0862,0.801,0.589,0.0,7,-5.157,1,0.0484,116.932,4,0.58,alt z
HEAVEN BELONGS TO YOU,BROCKHAMPTON,42,0.0208,0.68,0.634,2.02e-06,7,-8.446,1,0.36,155.911,4,0.693,boy band
Locked out of Heaven,Bruno Mars,87,0.049,0.726,0.698,0.0,5,-4.165,1,0.0431,143.994,4,0.867,dance pop
Bang!,AJR,1,0.0183,0.74,0.516,0.0,1,-6.233,0,0.0507,139.918,4,0.698,pov: indie
Drumdown Mambo (feat. Jasiah),Whethan,40,0.0931,0.716,0.775,0.0,1,-1.584,1,0.121,91.077,4,0.322,electropop
Heaven Falls / Fall on Me,Surfaces,58,0.36,0.563,0.366,0.00243,11,-6.896,0,0.121,85.352,4,0.768,bedroom soul
Sweet Talk,Saint Motel,65,0.0392,0.67,0.843,0.0,1,-4.311,1,0.0454,117.01,4,0.713,la indie
Riptide,Vance Joy,81,0.431,0.484,0.731,0.0,1,-6.694,1,0.0379,101.654,4,0.51,folk-pop
I Was Here,Beyoncé,54,0.431,0.525,0.627,0.0,7,-6.59,1,0.0335,111.026,3,0.235,pop
Liquor Store Blues (feat. Damian Marley),Bruno Mars,58,0.113,0.691,0.828,0.0,1,-3.909,0,0.0749,75.519,4,0.678,dance pop
Sorry,Beyoncé,63,0.00175,0.775,0.598,4.44e-06,2,-7.274,1,0.0535,129.988,4,0.356,pop
6 Inch (feat. The Weeknd),Beyoncé,59,0.0433,0.516,0.637,3.89e-06,6,-8.832,1,0.0632,138.011,4,0.324,pop
Young & Gettin' It (feat. Kirko Bangz),Meek Mill,36,0.244,0.624,0.752,0.0,4,-5.43,1,0.121,134.021,4,0.858,hip hop
two queens in a king sized bed,girl in red,0,0.911,0.361,0.218,0.000577,9,-14.989,1,0.0338,114.476,4,0.167,bedroom pop
Spirits,The Strumbellas,0,0.181,0.553,0.729,0.0,0,-3.696,1,0.0266,80.503,4,0.776,canadian indie
Quarter Past Midnight,Bastille,49,0.275,0.504,0.821,0.0,8,-3.356,1,0.0598,155.131,4,0.458,metropopolis
Someone To You,BANNERS,28,0.00568,0.468,0.936,0.0,2,-3.683,1,0.0455,75.05,4,0.663,indie poptimism
Dandelions,Ruth B.,85,0.0157,0.609,0.692,0.0,1,-2.958,1,0.0259,116.959,3,0.454,alt z
Darlin',tobi lou,46,0.571,0.866,0.388,0.0,9,-11.009,1,0.32,109.976,4,0.556,chicago rap
3 Nights,Dominic Fike,71,0.223,0.815,0.518,0.0,7,-6.594,0,0.0897,151.891,4,0.877,alternative pop rock
Why Not Me,Forrest.,48,0.48,0.905,0.721,0.0,7,-6.922,1,0.31,145.958,4,0.695,lo-fi rap
Jesus in LA,Alec Benjamin,60,0.664,0.787,0.558,0.0,0,-5.237,1,0.0414,94.049,4,0.706,alt z
Kick It to Me - Single Version,Sammy Rae & The Friends,0,0.679,0.69,0.711,0.0,2,-6.15,1,0.0583,160.085,4,0.939,nyc pop
Overrated,Souly Had,31,0.192,0.841,0.605,0.0,6,-6.934,0,0.0499,140.939,4,0.801,
Crush,Souly Had,48,0.341,0.756,0.517,2.68e-05,0,-8.122,1,0.0996,110.064,1,0.267,
My Kind of Woman,Mac DeMarco,15,0.00294,0.501,0.765,0.49,6,-7.063,0,0.0281,91.769,4,0.46,edmonton indie
Maybe Tomorrow,Goldlove,0,0.727,0.455,0.293,9.33e-06,0,-13.914,1,0.254,85.952,4,0.294,
Yours in the Morning,Patrick Droney,33,0.0157,0.446,0.73,1.01e-05,11,-5.243,1,0.0719,148.102,4,0.215,nashville singer-songwriter
My Girl,The Temptations,0,0.635,0.572,0.418,0.0,0,-10.738,1,0.0349,104.566,4,0.694,classic soul
iMi,Bon Iver,0,0.883,0.477,0.394,0.00593,8,-11.571,1,0.0526,134.142,4,0.518,chamber pop
Blackbird,James Smith,0,0.969,0.377,0.176,0.00819,9,-12.974,1,0.0302,167.855,4,0.176,uk pop
And the Beat Goes On,The Whispers,0,0.134,0.793,0.643,0.00246,11,-7.345,0,0.106,114.894,4,0.963,classic soul
If I Build A Home On The Moon,Picture This,39,0.52,0.572,0.328,4.95e-05,9,-8.965,1,0.0314,117.984,4,0.178,irish pop
Leave The Door Open,Bruno Mars,14,0.182,0.586,0.616,0.0,5,-7.964,1,0.0324,148.088,4,0.719,dance pop
Cupid's Chokehold / Breakfast in America,Gym Class Heroes,76,0.237,0.72,0.744,0.0,1,-6.938,0,0.12,78.953,4,0.619,dance pop
Palm Trees,Surfaces,0,0.234,0.785,0.458,0.0,6,-6.162,0,0.049,119.971,4,0.506,bedroom soul
Way Less Sad - Cash Cash Remix,AJR,0,0.17,0.493,0.756,0.0,11,-3.732,0,0.0631,128.423,4,0.494,pov: indie
Home - 2019 - Remaster,Edward Sharpe & The Magnetic Zeros,4,0.249,0.53,0.634,0.000622,2,-5.759,1,0.0311,111.615,4,0.106,la indie
You Belong With Me (Taylor’s Version),Taylor Swift,81,0.0623,0.632,0.773,0.0,6,-4.856,1,0.0346,130.033,4,0.474,pop
I'm Only Me When I'm With You,Taylor Swift,55,0.00452,0.563,0.934,0.000807,8,-3.629,1,0.0646,143.964,4,0.518,pop
Animal,Neon Trees,71,0.000346,0.482,0.833,0.0,5,-5.611,1,0.0449,148.039,4,0.74,modern rock
Backyard Boy,Claire Rosinkranz,65,0.323,0.817,0.635,0.0,5,-7.246,1,0.163,138.015,4,0.454,alt z
"Relax, Take It Easy",MIKA,44,0.0567,0.698,0.693,0.0161,6,-8.218,0,0.0329,121.859,4,0.608,electropop
Mr. Brightside,The Killers,34,0.00101,0.356,0.924,0.0,1,-3.74,1,0.0808,148.017,4,0.232,alternative rock
Classic,MKTO,81,0.0384,0.72,0.791,0.0,1,-4.689,1,0.124,102.071,4,0.756,pop
Year 3000,Jonas Brothers,59,0.0045,0.659,0.857,1.93e-06,11,-5.85,1,0.0437,106.965,4,0.798,boy band
I Don't Wanna Talk (I Just Wanna Dance),Glass Animals,50,0.0156,0.703,0.624,5.53e-05,7,-6.228,1,0.0364,131.966,4,0.808,gauze pop
Glamorama,Bryce Vine,53,0.256,0.685,0.625,0.0,2,-5.859,0,0.0681,154.077,4,0.496,indie pop rap
Care At All,Bryce Vine,36,0.408,0.649,0.462,1.64e-05,1,-7.744,0,0.0926,146.005,4,0.257,indie pop rap
Bella (feat. Emma Zander),Bryce Vine,47,0.285,0.756,0.58,4.89e-06,9,-4.8,0,0.0376,124.127,4,0.402,indie pop rap
The Fall,Bryce Vine,39,0.0685,0.579,0.55,5.02e-05,1,-5.554,0,0.206,64.9,4,0.442,indie pop rap
I'm Not Alright,Loud Luxury,54,0.081,0.875,0.858,1.27e-06,4,-3.886,1,0.0496,121.978,4,0.7,edm
Sunflower Seeds,Bryce Vine,51,0.195,0.723,0.592,5.36e-05,10,-5.816,1,0.0309,92.987,4,0.272,indie pop rap
Love Me Hate Me,Bryce Vine,7,0.597,0.537,0.536,0.0,7,-4.583,1,0.0536,119.827,5,0.223,indie pop rap
Miss You a Little (feat. lovelytheband),Bryce Vine,56,0.347,0.636,0.886,0.0,0,-4.76,1,0.0433,140.888,4,0.589,indie pop rap
Nowhere Man,Bryce Vine,0,0.101,0.636,0.677,1.95e-05,8,-6.698,1,0.0336,122.014,4,0.329,indie pop rap
Drew Barrymore,Bryce Vine,58,0.46,0.758,0.574,0.00272,11,-6.889,0,0.0572,151.985,4,0.261,indie pop rap
"Money, Money, Money - From 'Mamma Mia!' Original Motion Picture Soundtrack",Meryl Streep,65,0.246,0.759,0.733,2.11e-06,0,-4.773,1,0.0362,121.977,4,0.481,hollywood
Elle me dit,MIKA,50,0.0585,0.791,0.772,0.000242,10,-3.715,1,0.0394,125.992,4,0.476,electropop
...Ready For It?,Taylor Swift,81,0.0527,0.613,0.764,0.0,2,-6.509,1,0.136,160.015,4,0.417,pop
Look What You Made Me Do,Taylor Swift,80,0.204,0.766,0.709,1.41e-05,9,-6.471,0,0.123,128.07,4,0.506,pop
Northern Attitude,Noah Kahan,55,0.119,0.523,0.626,3.29e-05,3,-8.214,1,0.047,121.291,4,0.323,pov: indie
Stick Season,Noah Kahan,57,0.799,0.664,0.5,0.0,9,-6.935,1,0.0651,117.896,4,0.801,pov: indie
All My Love,Noah Kahan,57,0.309,0.666,0.665,0.0,2,-7.181,1,0.0534,116.002,4,0.474,pov: indie
She Calls Me Back,Noah Kahan,57,0.0786,0.749,0.687,0.0,11,-6.497,1,0.0364,127.905,4,0.723,pov: indie
Come Over,Noah Kahan,54,0.54,0.643,0.236,0.0,4,-10.982,1,0.042,149.815,3,0.45,pov: indie
New Perspective,Noah Kahan,57,0.267,0.693,0.524,1.83e-06,5,-9.696,1,0.0407,156.529,4,0.453,pov: indie
"Everywhere, Everything",Noah Kahan,56,0.356,0.462,0.391,0.0,11,-9.164,1,0.0331,179.731,3,0.287,pov: indie
Orange Juice,Noah Kahan,56,0.475,0.662,0.378,6.84e-06,9,-10.908,1,0.0361,120.133,4,0.207,pov: indie
Strawberry Wine,Noah Kahan,54,0.927,0.443,0.15,0.000314,0,-17.604,1,0.03,102.813,4,0.253,pov: indie
Growing Sideways,Noah Kahan,56,0.737,0.516,0.289,0.0,7,-8.679,1,0.0311,178.148,4,0.563,pov: indie
Halloween,Noah Kahan,52,0.749,0.573,0.169,0.0,3,-13.503,1,0.0643,160.056,3,0.357,pov: indie
Homesick,Noah Kahan,55,0.0253,0.505,0.624,1.06e-05,6,-6.526,1,0.0373,170.076,4,0.413,pov: indie
Still,Noah Kahan,51,0.791,0.61,0.181,0.0,3,-12.503,1,0.0393,138.955,4,0.158,pov: indie
The View Between Villages,Noah Kahan,53,0.826,0.317,0.167,5.58e-05,1,-13.83,1,0.0467,153.253,4,0.0568,pov: indie
"Your Needs, My Needs",Noah Kahan,66,0.382,0.384,0.15,7.1e-05,7,-12.128,1,0.0353,135.383,5,0.252,pov: indie
Dial Drunk,Noah Kahan,72,0.0875,0.698,0.59,0.0,8,-7.596,1,0.0299,112.083,4,0.628,pov: indie
Paul Revere,Noah Kahan,68,0.593,0.709,0.38,0.0,2,-9.731,1,0.0342,107.901,4,0.493,pov: indie
No Complaints,Noah Kahan,65,0.574,0.685,0.212,0.000566,1,-11.024,1,0.0406,119.938,3,0.323,pov: indie
Call Your Mom,Noah Kahan,74,0.703,0.485,0.215,3.55e-06,0,-12.124,1,0.0348,172.122,4,0.159,pov: indie
You’re Gonna Go Far,Noah Kahan,80,0.556,0.586,0.358,0.0,7,-9.761,1,0.0308,169.925,4,0.365,pov: indie
The View Between Villages - Extended,Noah Kahan,61,0.684,0.359,0.37,0.00283,1,-10.076,1,0.0518,152.827,4,0.104,pov: indie
Mine (Taylor's Version),Taylor Swift,74,0.00314,0.647,0.793,1.93e-06,7,-2.903,1,0.0363,121.101,4,0.5,pop
Sparks Fly (Taylor’s Version),Taylor Swift,71,0.0241,0.605,0.769,0.0,5,-2.413,1,0.032,114.921,4,0.366,pop
Perfect Places,Lorde,65,0.00241,0.622,0.58,2.95e-05,1,-5.273,0,0.0504,104.41,4,0.512,art pop
I'm Not The Only One,Sam Smith,0,0.49,0.685,0.475,4.29e-06,5,-5.894,1,0.036,81.976,4,0.477,pop
Getaway Car,Taylor Swift,78,0.00465,0.562,0.689,2.23e-06,2,-6.745,1,0.127,172.054,4,0.351,pop
Wildest Dreams (Taylor's Version),Taylor Swift,73,0.0374,0.583,0.67,0.0001,8,-7.289,1,0.0646,140.061,4,0.498,pop
We Are Never Ever Getting Back Together (Taylor's Version),Taylor Swift,76,0.0317,0.567,0.686,1.86e-06,7,-6.139,1,0.175,172.014,4,0.716,pop
Love Like Ghosts,Lord Huron,57,0.77,0.47,0.548,0.0014,9,-7.227,1,0.0271,137.084,4,0.186,indie folk
Until the Night Turns,Lord Huron,43,0.402,0.545,0.889,0.298,4,-6.673,1,0.0421,103.494,4,0.527,indie folk
Dead Man's Hand,Lord Huron,43,0.171,0.591,0.792,0.577,4,-6.977,1,0.0285,118.989,4,0.478,indie folk
Hurricane (Johnnie's Theme),Lord Huron,44,0.814,0.586,0.805,0.0369,7,-4.988,1,0.0284,144.007,4,0.751,indie folk
La Belle Fleur Sauvage,Lord Huron,49,0.824,0.529,0.656,0.0942,5,-7.003,1,0.0302,87.495,4,0.211,indie folk
Fool for Love,Lord Huron,54,0.598,0.618,0.765,0.271,5,-6.268,1,0.0357,91.005,4,0.233,indie folk
The World Ender,Lord Huron,46,0.604,0.544,0.931,0.423,7,-5.632,0,0.0355,157.03,4,0.755,indie folk
Meet Me in the Woods,Lord Huron,63,0.392,0.543,0.925,0.456,6,-6.783,0,0.0448,80.499,1,0.594,indie folk
The Yawning Grave,Lord Huron,50,0.943,0.478,0.388,0.0477,11,-8.485,0,0.0295,141.996,3,0.309,indie folk
Frozen Pines,Lord Huron,46,0.779,0.588,0.879,0.855,11,-7.877,0,0.028,141.993,4,0.5,indie folk
Cursed,Lord Huron,44,0.661,0.58,0.903,0.629,0,-5.731,1,0.0391,154.961,4,0.636,indie folk
Way out There,Lord Huron,44,0.933,0.549,0.454,0.0246,11,-7.898,0,0.0297,127.038,4,0.0513,indie folk
Louisa,Lord Huron,44,0.658,0.64,0.802,0.582,2,-6.025,1,0.0281,130.035,4,0.689,indie folk
The Night We Met,Lord Huron,78,0.969,0.545,0.366,0.267,2,-9.51,1,0.0378,86.997,3,0.1,indie folk
Vagabond,Caamp,69,0.766,0.571,0.399,0.0146,4,-11.92,1,0.0364,141.932,4,0.612,indie folk
Silver Lining,Mt. Joy,67,0.00116,0.543,0.616,1.02e-06,0,-6.53,1,0.0282,144.216,4,0.199,pov: indie
Why'd You Only Call Me When You're High?,Arctic Monkeys,85,0.0483,0.691,0.631,1.13e-05,2,-6.478,1,0.0368,92.004,4,0.8,garage rock
Ode to a Conversation Stuck in Your Throat,Del Water Gap,70,0.0598,0.57,0.804,8.96e-05,11,-6.782,1,0.0701,87.533,4,0.624,deep new americana
Unknown / Nth,Hozier,55,0.76,0.479,0.178,0.000168,2,-9.98,1,0.0382,134.856,4,0.21,irish singer-songwriter
Francesca,Hozier,35,0.000232,0.303,0.583,1.61e-06,2,-7.217,1,0.0344,177.98,4,0.184,irish singer-songwriter
Eat Your Young,Hozier,31,0.345,0.553,0.587,0.1,5,-6.829,1,0.0277,90.018,4,0.346,irish singer-songwriter
All Things End,Hozier,31,0.378,0.492,0.513,0.0,9,-8.614,0,0.0449,74.883,4,0.236,irish singer-songwriter
Like Real People Do,Hozier,70,0.921,0.539,0.179,0.393,7,-14.33,1,0.0309,140.01,3,0.145,irish singer-songwriter
Yellow,Coldplay,88,0.00239,0.429,0.661,0.000121,11,-7.227,1,0.0281,173.372,4,0.285,permanent wave
Something Just Like This,The Chainsmokers,87,0.0498,0.617,0.635,1.44e-05,11,-6.769,0,0.0317,103.019,4,0.446,pop
A Sky Full of Stars,Coldplay,87,0.00617,0.545,0.675,0.00197,6,-6.474,1,0.0279,124.97,4,0.162,permanent wave
The Scientist,Coldplay,86,0.731,0.557,0.442,1.46e-05,5,-7.224,1,0.0243,146.277,4,0.213,permanent wave
Angela,The Lumineers,57,0.649,0.668,0.563,0.000377,4,-8.23,1,0.0305,130.362,4,0.288,folk-pop
Flowers in Your Hair,The Lumineers,66,0.75,0.67,0.609,6.74e-05,7,-10.088,1,0.0333,127.463,4,0.573,folk-pop
Gloria,The Lumineers,53,0.658,0.523,0.714,5.2e-06,11,-6.021,1,0.0367,78.211,4,0.659,folk-pop
Leader Of The Landslide,The Lumineers,41,0.804,0.46,0.437,1.65e-05,1,-8.822,1,0.0416,127.318,5,0.119,folk-pop
Big Parade,The Lumineers,44,0.414,0.815,0.632,0.00314,4,-13.05,1,0.0502,121.98,4,0.649,folk-pop
REPRISE,The Lumineers,37,0.611,0.6,0.512,0.0,0,-6.564,1,0.0236,80.027,4,0.27,folk-pop
Stubborn Love,The Lumineers,15,0.615,0.596,0.548,0.0598,0,-11.71,1,0.0372,115.018,4,0.248,folk-pop
Dead Sea,The Lumineers,50,0.81,0.713,0.318,5.65e-06,0,-11.099,1,0.028,94.042,4,0.472,folk-pop
My Cell,The Lumineers,30,0.922,0.629,0.229,0.000611,8,-9.29,1,0.029,134.535,4,0.303,folk-pop
Slow It Down,The Lumineers,45,0.93,0.428,0.064,0.0,1,-14.42,1,0.0374,142.438,4,0.108,folk-pop
Charlie Boy,The Lumineers,49,0.964,0.412,0.188,0.0171,7,-13.251,1,0.0326,127.327,4,0.272,folk-pop
Have You Ever Seen The Rain - Recorded at Electric Lady Studios NYC,The Lumineers,42,0.908,0.771,0.221,2.2e-06,10,-10.144,1,0.0382,99.793,4,0.431,folk-pop
Classy Girls,The Lumineers,42,0.661,0.719,0.802,7.9e-06,5,-7.507,1,0.0342,121.011,4,0.497,folk-pop
Walls,The Lumineers,48,0.697,0.61,0.444,0.0,10,-6.311,1,0.0262,108.429,4,0.456,folk-pop
Gun Song,The Lumineers,41,0.293,0.683,0.713,2.16e-05,7,-5.514,1,0.025,96.273,4,0.271,folk-pop
Where You Are,John Summit,69,0.00879,0.567,0.83,0.0105,9,-6.402,0,0.0349,126.04,4,0.0726,house
False God,Taylor Swift,72,0.736,0.739,0.32,0.000147,11,-10.862,0,0.239,79.97,4,0.351,pop
Dial Drunk (with Post Malone),Noah Kahan,82,0.124,0.669,0.606,0.0,8,-7.193,1,0.0292,112.108,4,0.69,pov: indie
Dividends,DWLLRS,42,0.666,0.702,0.545,0.0,5,-8.179,1,0.0505,109.932,4,0.374,chill pop
Tigersharks,Sumbuck,45,0.79,0.416,0.485,0.000404,1,-9.214,0,0.0369,83.357,4,0.247,ohio indie
Someday (Maggie's),Zach Bryan,59,0.708,0.4,0.363,0.0,4,-7.049,1,0.0364,109.065,4,0.138,classic oklahoma country
False Confidence,Noah Kahan,73,0.163,0.414,0.663,0.0,6,-7.77,1,0.0456,108.98,4,0.33,pov: indie
Skinny Dipping & Mimosas,The 502s,4,0.203,0.78,0.464,6.24e-05,8,-7.692,1,0.0323,125.032,4,0.745,
Skinny Dipping & Mimosas,The 502s,4,0.203,0.78,0.464,6.24e-05,8,-7.692,1,0.0323,125.032,4,0.745,
Summer Wind,The 502s,0,0.432,0.618,0.548,0.00508,2,-8.386,1,0.0463,136.365,4,0.563,
All Summer (Where You Gonna Be?),The 502s,0,0.0775,0.818,0.799,1.69e-05,6,-5.722,1,0.0431,137.146,4,0.899,
Hurts Like Hell (feat. Offset),Madison Beer,55,0.185,0.704,0.56,0.0,1,-6.791,0,0.179,75.002,4,0.608,pop
Cruel Summer,Taylor Swift,92,0.117,0.552,0.702,2.06e-05,9,-5.707,1,0.157,169.994,4,0.564,pop
Better Than Revenge (Taylor's Version),Taylor Swift,71,0.000795,0.505,0.893,0.0,11,-3.013,0,0.0771,145.913,4,0.659,pop
Dear John (Taylor's Version),Taylor Swift,68,0.0327,0.379,0.468,0.0,4,-5.07,1,0.0298,119.447,3,0.115,pop
Mr. Perfectly Fine (Taylor’s Version) (From The Vault),Taylor Swift,69,0.162,0.66,0.817,0.0,11,-6.269,0,0.0521,135.942,4,0.714,pop
Feel This Moment (feat. Christina Aguilera),Pitbull,80,0.039,0.673,0.758,0.0,7,-3.632,1,0.158,135.956,4,0.542,dance pop
I Can See You (Taylor’s Version) (From The Vault),Taylor Swift,74,0.0577,0.695,0.768,0.0,6,-4.883,1,0.0344,123.054,4,0.813,pop
Satellite,Harry Styles,74,0.143,0.576,0.457,3.05e-05,0,-6.473,1,0.0304,138.984,4,0.301,pop
Style,Taylor Swift,53,0.00245,0.588,0.791,0.00258,7,-5.595,1,0.0402,94.933,4,0.487,pop
About You,The 1975,80,0.312,0.416,0.762,0.804,2,-7.385,1,0.0279,95.967,4,0.461,modern alternative rock
august,Taylor Swift,85,0.538,0.532,0.623,7.28e-05,5,-9.208,1,0.0331,89.937,4,0.403,pop
Would That I,Hozier,73,0.243,0.521,0.526,0.00537,5,-6.032,1,0.0281,130.694,4,0.502,irish singer-songwriter
the last great american dynasty,Taylor Swift,69,0.467,0.686,0.662,0.0023,7,-8.505,1,0.0413,147.922,4,0.706,pop
Sour Patch Kids,Bryce Vine,54,0.017,0.483,0.777,1.92e-05,4,-5.049,1,0.0617,152.957,4,0.571,indie pop rap
Magic In The Hamptons (feat. Lil Yachty),Social House,71,0.66,0.769,0.479,0.0,1,-5.339,1,0.0385,96.051,4,0.803,
Up Up & Away,Kid Cudi,60,0.0722,0.66,0.881,3.43e-05,10,-6.119,0,0.0849,120.018,4,0.586,hip hop
Senior Skip Day,Mac Miller,60,0.554,0.522,0.725,0.0,5,-5.184,0,0.302,108.364,4,0.81,hip hop
As It Was,Harry Styles,91,0.342,0.52,0.731,0.00101,6,-5.338,0,0.0557,173.93,4,0.662,pop
Judy You Hung the Moon,HARBOUR,35,0.507,0.65,0.648,0.0,6,-7.701,0,0.0336,139.989,4,0.625,cincinnati indie
London Boy,Taylor Swift,73,0.0246,0.695,0.71,0.000104,1,-6.639,1,0.05,157.925,4,0.557,pop
22 (Taylor's Version),Taylor Swift,75,0.000443,0.642,0.695,1.02e-05,7,-5.62,1,0.0281,103.984,4,0.642,pop
See You Again (feat. Charlie Puth),Wiz Khalifa,81,0.369,0.689,0.481,1.03e-06,10,-7.503,1,0.0815,80.025,4,0.283,hip hop
All of Me,John Legend,83,0.922,0.422,0.264,0.0,8,-7.064,1,0.0322,119.93,4,0.331,neo soul
See the World,Caamp,57,0.414,0.423,0.532,0.145,1,-10.343,1,0.0296,133.919,4,0.402,indie folk
HUMBLE.,Kendrick Lamar,85,0.000282,0.908,0.621,5.39e-05,1,-6.638,0,0.102,150.011,4,0.421,conscious hip hop
Salt And The Sea,The Lumineers,49,0.704,0.63,0.31,0.0011,9,-9.253,1,0.028,93.067,4,0.0712,folk-pop
Hate Bein' Sober,Chief Keef,53,0.00414,0.819,0.468,0.0,8,-7.156,1,0.0465,132.011,4,0.302,chicago bop
Caroline,Animal Years,0,0.00103,0.509,0.786,4.63e-06,5,-5.51,1,0.039,114.971,4,0.484,brooklyn indie
Grenadine,Oliver Hazard,51,0.668,0.59,0.62,0.000225,5,-8.254,1,0.0379,166.346,4,0.286,stomp and holler
Grenade - Acoustic,Bruno Mars,60,0.819,0.639,0.393,0.0,2,-6.314,0,0.0309,97.917,4,0.363,dance pop
Steal My Girl,One Direction,78,0.00433,0.536,0.768,0.0,10,-5.948,0,0.0347,77.217,4,0.545,boy band
Hey Driver (feat. The War and Treaty),Zach Bryan,82,0.494,0.583,0.351,0.0,0,-5.836,1,0.0306,79.014,4,0.462,classic oklahoma country
Maria Maria (feat. The Product G&B),Santana,66,0.0406,0.777,0.601,0.00201,2,-5.931,1,0.126,97.911,4,0.68,blues rock
Sarah's Place (feat. Noah Kahan),Zach Bryan,76,0.41,0.576,0.683,0.0,7,-5.103,1,0.118,151.566,4,0.433,classic oklahoma country
Grace,Henrik,58,0.00959,0.664,0.544,0.666,7,-8.302,1,0.0269,111.997,4,0.159,singer-songwriter pop
You Should Probably Leave,Chris Stapleton,82,0.268,0.602,0.477,3.1e-05,9,-8.425,1,0.032,183.89,4,0.552,contemporary country
Nothing,Bruno Major,72,0.931,0.555,0.27,0.544,2,-15.892,1,0.0888,139.681,3,0.271,singer-songwriter pop
Easily,Bruno Major,66,0.491,0.773,0.256,0.00612,7,-8.545,0,0.0481,118.893,3,0.357,singer-songwriter pop
Till Forever Falls Apart,Ashe,71,0.421,0.346,0.501,0.0,2,-6.939,1,0.0364,99.855,4,0.299,alt z
Teenage Dream,Stephen Dawes,68,0.411,0.622,0.375,0.0,10,-9.069,1,0.0279,111.968,4,0.221,singer-songwriter pop
Surround Sound (feat. 21 Savage & Baby Tate),JID,81,0.164,0.574,0.567,0.0,7,-7.126,0,0.465,75.965,4,0.526,hip hop
Lake Missoula,Richy Mitch & The Coal Miners,72,0.905,0.446,0.247,0.233,11,-13.036,0,0.0287,138.328,1,0.245,modern folk rock
Sweater Weather,The Neighbourhood,90,0.0495,0.612,0.807,0.0177,10,-2.81,1,0.0336,124.053,4,0.398,modern alternative rock
Ready to Run,One Direction,61,0.00229,0.524,0.831,0.0,2,-4.174,1,0.036,115.067,4,0.299,boy band
Wondering Why,The Red Clay Strays,22,0.85,0.524,0.209,0.0,4,-12.437,1,0.0405,148.59,3,0.347,modern country pop
Babydoll,Dominic Fike,84,0.114,0.762,0.604,0.0,7,-5.296,0,0.11,168.007,4,0.847,alternative pop rock
Ghost Town,Kanye West,76,0.0969,0.573,0.545,0.0,7,-4.247,0,0.0288,83.378,4,0.297,chicago rap
Under The Sun (with J. Cole & Lute feat. DaBaby),Dreamville,70,0.511,0.691,0.64,0.0,0,-6.441,1,0.369,138.672,4,0.163,hip hop
meet the grahams,Kendrick Lamar,79,0.55,0.479,0.802,0.00045,5,-6.252,1,0.309,74.98,4,0.602,conscious hip hop
Little Lion Man,Mumford & Sons,68,0.0234,0.52,0.496,2.05e-05,5,-8.121,1,0.0271,138.81,4,0.496,modern folk rock
Video Games,Lana Del Rey,65,0.811,0.236,0.249,1e-06,6,-9.595,0,0.0348,72.847,5,0.181,art pop
Movement,Hozier,64,0.16,0.381,0.502,6.98e-05,1,-5.505,0,0.037,144.204,4,0.148,irish singer-songwriter
Drops of Jupiter (Tell Me),Train,82,0.153,0.481,0.638,0.0,0,-5.862,1,0.0276,79.064,4,0.497,dance pop
Cigarette Daydreams,Cage The Elephant,80,0.0807,0.636,0.676,0.0,2,-3.442,1,0.0263,113.98,4,0.273,modern alternative rock
Supercut,Lorde,73,0.219,0.562,0.437,2.18e-05,0,-10.229,1,0.052,124.852,4,0.15,art pop
Green Light,Lorde,71,0.0209,0.594,0.721,8.55e-06,2,-7.812,1,0.0957,128.942,4,0.253,art pop
"Good Luck, Babe!",Chappell Roan,96,0.0502,0.7,0.582,0.0,11,-5.96,0,0.0356,116.712,4,0.785,indie pop
Dirty Love,Mt. Joy,64,0.595,0.774,0.439,0.00127,5,-7.612,0,0.0364,125.088,4,0.661,pov: indie
Ribs,Lorde,30,0.534,0.525,0.472,0.614,4,-9.277,1,0.0739,127.945,4,0.0424,art pop
SLOW DANCING IN THE DARK,Joji,79,0.544,0.517,0.479,0.00598,3,-7.458,1,0.0261,88.968,4,0.284,viral pop
Cry,Benson Boone,80,0.104,0.711,0.48,1.55e-05,10,-5.251,1,0.0365,107.948,4,0.352,singer-songwriter pop
Violent Crimes,Kanye West,78,0.376,0.669,0.419,0.0,1,-6.724,0,0.522,109.813,4,0.0397,chicago rap
From The Start,Laufey,77,0.877,0.664,0.405,0.000765,1,-7.413,1,0.08,81.89,3,0.743,gen z singer-songwriter
Brazil,Declan McKenna,82,0.0941,0.687,0.617,1.27e-05,4,-5.213,1,0.0287,121.079,4,0.665,pov: indie
Don't Let Go,Weezer,44,3.8e-05,0.375,0.911,0.0167,2,-3.485,1,0.0448,142.659,4,0.583,alternative rock
Photograph,Weezer,47,9.33e-05,0.464,0.899,0.00145,9,-4.554,1,0.0459,124.796,4,0.404,alternative rock
Hash Pipe,Weezer,66,0.000123,0.578,0.883,0.459,7,-6.354,1,0.0439,125.603,4,0.627,alternative rock
Island In The Sun,Weezer,80,0.00719,0.654,0.81,0.00251,4,-6.26,0,0.0288,114.622,4,0.661,alternative rock
Crab,Weezer,43,0.000234,0.4,0.884,0.000312,0,-4.865,1,0.0408,111.554,4,0.455,alternative rock
Knockdown Dragout,Weezer,43,8.5e-05,0.397,0.928,0.00364,0,-4.212,1,0.042,138.644,4,0.575,alternative rock
Smile,Weezer,39,0.00339,0.38,0.835,9.37e-06,1,-4.715,0,0.0404,78.379,4,0.484,alternative rock
Simple Pages,Weezer,38,0.000137,0.21,0.906,0.258,9,-4.306,1,0.0512,205.101,4,0.389,alternative rock
Glorious Day,Weezer,38,4.56e-05,0.208,0.832,0.000211,9,-4.361,1,0.044,206.926,4,0.161,alternative rock
O Girlfriend,Weezer,41,0.000196,0.393,0.873,0.0,9,-4.209,1,0.0386,113.607,4,0.348,alternative rock
Cry,Cigarettes After Sex,83,0.758,0.408,0.398,0.654,7,-10.448,1,0.0277,142.834,4,0.165,ambient pop
My Kind of Woman,Mac DeMarco,80,0.00294,0.501,0.765,0.49,6,-7.063,0,0.0281,91.771,4,0.46,edmonton indie
My Girl,The Temptations,0,0.536,0.604,0.548,0.0,0,-5.607,1,0.0703,105.003,4,0.577,classic soul
I Wanna Be Yours,Arctic Monkeys,91,0.136,0.464,0.417,0.022,0,-9.345,0,0.0256,67.528,4,0.479,garage rock
Thinkin Bout You,Frank Ocean,83,0.409,0.721,0.339,0.00153,0,-11.195,1,0.0532,129.83,4,0.2,lgbtq+ hip hop
Ophelia,The Lumineers,37,0.613,0.664,0.573,0.000363,5,-6.519,1,0.0277,76.02,4,0.566,folk-pop
Somethin' Stupid,Frank Sinatra,76,0.736,0.257,0.338,0.0,4,-12.902,1,0.0357,207.356,4,0.544,adult standards
Big Black Car,Gregory Alan Isakov,38,0.642,0.468,0.234,0.0242,0,-14.874,0,0.0307,111.987,4,0.257,indie folk
All Your'n,Tyler Childers,80,0.408,0.585,0.55,3.97e-05,11,-7.342,1,0.0255,78.176,4,0.839,kentucky indie
Love Of My Life,Harry Styles,69,0.669,0.555,0.536,0.0,7,-8.233,1,0.0452,118.057,4,0.203,pop
Your Song,Elton John,79,0.828,0.552,0.315,5.52e-06,3,-11.028,1,0.0299,128.187,4,0.324,glam rock
Work Song,Hozier,73,0.776,0.433,0.388,0.0,10,-7.687,1,0.0998,177.234,3,0.262,irish singer-songwriter
Would That I,Hozier,69,0.242,0.397,0.526,0.00537,5,-6.032,1,0.0288,64.895,4,0.497,irish singer-songwriter
Kilby Girl,The Backseat Lovers,73,0.0578,0.329,0.444,0.0352,1,-9.973,1,0.0417,162.279,4,0.225,pov: indie
Sweet Creature,Harry Styles,71,0.746,0.427,0.262,0.0,7,-8.541,1,0.0276,104.085,4,0.228,pop
Home,Edward Sharpe & The Magnetic Zeros,58,0.296,0.546,0.592,0.000492,2,-6.723,1,0.0325,111.732,4,0.114,la indie
Lavender Girl,Caamp,64,0.341,0.716,0.735,0.000134,11,-7.062,1,0.0272,124.001,4,0.694,indie folk
Matilda,Harry Styles,76,0.896,0.507,0.294,1.97e-05,2,-10.0,1,0.04,114.199,4,0.386,pop
Francesca,Hozier,62,0.000241,0.314,0.592,2.03e-06,2,-7.182,1,0.0344,177.939,4,0.18,irish singer-songwriter
Never Grow Up (Taylor's Version),Taylor Swift,65,0.867,0.684,0.339,0.0,2,-7.259,1,0.029,125.054,4,0.572,pop
Happy Accidents,Saint Motel,46,0.871,0.332,0.311,0.0,9,-9.568,1,0.0302,90.242,4,0.442,la indie
All the Debts I Owe,Caamp,66,0.754,0.463,0.484,0.00467,0,-11.065,1,0.0435,93.297,4,0.474,indie folk
To the Mountains,Lizzy McAlpine,60,0.918,0.461,0.147,0.000638,4,-14.022,1,0.033,78.809,1,0.267,alt z
Belong Together,Mark Ambor,91,0.491,0.646,0.668,0.0,2,-5.203,1,0.0282,90.969,4,0.64,singer-songwriter pop
Hang On,NEEDTOBREATHE,0,0.00697,0.511,0.872,0.00012,8,-3.313,1,0.0611,127.986,4,0.503,ccm
Dandelion,Oliver Hazard,59,0.591,0.644,0.597,5.17e-05,6,-10.883,1,0.0467,104.731,4,0.254,stomp and holler
The Less I Know The Better,Tame Impala,85,0.0115,0.64,0.74,0.00678,4,-4.083,1,0.0284,116.879,4,0.785,australian psych
Someone New,Hozier,72,0.429,0.443,0.533,3.66e-06,7,-5.956,1,0.0473,183.791,4,0.596,irish singer-songwriter
Astrovan,Mt. Joy,59,0.867,0.547,0.444,0.0,3,-9.4,1,0.0386,169.923,4,0.62,pov: indie
Movement,Hozier,65,0.16,0.381,0.502,6.98e-05,1,-5.505,0,0.0368,144.3,4,0.147,irish singer-songwriter
Stubborn Love,The Lumineers,72,0.611,0.598,0.561,0.0417,0,-11.676,1,0.0376,115.011,4,0.231,folk-pop
Flowers In Your Hair,The Lumineers,74,0.75,0.67,0.609,6.74e-05,7,-10.088,1,0.0333,127.463,4,0.573,folk-pop
Mess Is Mine,Vance Joy,74,0.047,0.595,0.723,0.0286,7,-8.256,1,0.0349,108.043,1,0.272,folk-pop
Too Sweet,Hozier,83,0.0295,0.741,0.62,0.000809,10,-5.505,1,0.0412,117.038,4,0.934,irish singer-songwriter
Dirty Love,Mt. Joy,71,0.595,0.774,0.439,0.00127,5,-7.612,0,0.0364,125.088,4,0.661,pov: indie
Ho Hey,The Lumineers,80,0.791,0.685,0.466,2.06e-06,0,-9.074,1,0.0304,79.936,4,0.353,folk-pop
Budapest,George Ezra,84,0.0846,0.717,0.455,0.0,5,-8.303,1,0.0276,127.812,4,0.389,folk-pop
Ophelia,The Lumineers,80,0.613,0.664,0.573,0.000363,5,-6.519,1,0.0277,76.023,4,0.566,folk-pop
Kingston,Faye Webster,75,0.154,0.73,0.355,0.00155,10,-9.13,0,0.0359,142.143,4,0.56,atlanta indie
Counting Stars,OneRepublic,72,0.0654,0.663,0.706,0.0,1,-4.972,0,0.0383,122.013,4,0.474,piano rock
Ends of the Earth,Lord Huron,7,0.267,0.553,0.578,0.0377,4,-8.679,1,0.0299,120.993,4,0.407,indie folk
End of Beginning,Djo,92,0.0351,0.689,0.454,0.00259,2,-7.643,1,0.0584,159.982,4,0.912,pov: indie
Slow It Down,Benson Boone,89,0.174,0.432,0.583,0.0,8,-4.682,1,0.0687,181.489,4,0.544,singer-songwriter pop
Stop This Train,John Mayer,60,0.465,0.619,0.437,0.00619,7,-11.756,1,0.0314,89.508,4,0.408,neo mellow
Homesick,Noah Kahan,72,0.0253,0.505,0.624,1.06e-05,6,-6.526,1,0.0373,170.076,4,0.413,pov: indie
Orange Juice,Noah Kahan,74,0.475,0.662,0.378,6.84e-06,9,-10.908,1,0.0361,120.133,4,0.207,pov: indie
Love & War in Your Twenties,Jordy Searcy,14,0.22,0.736,0.525,0.00153,2,-9.694,1,0.0296,102.986,4,0.529,indiecoustica
Northern Attitude,Noah Kahan,57,0.119,0.523,0.626,3.29e-05,3,-8.214,1,0.047,121.291,4,0.323,pov: indie
‘tis the damn season,Taylor Swift,65,0.735,0.575,0.434,6.59e-05,5,-8.193,1,0.0312,145.916,4,0.348,pop
Where You Are,John Summit,72,0.0106,0.565,0.832,0.00693,9,-6.422,0,0.041,125.948,4,0.0791,house
We Found Love,Rihanna,83,0.025,0.735,0.766,0.00141,1,-4.485,1,0.0384,127.975,4,0.6,barbadian pop
Clarity,Zedd,73,0.0398,0.509,0.781,0.0,8,-3.48,1,0.072,128.0,4,0.176,complextro
This Is What You Came For,Calvin Harris,85,0.199,0.631,0.927,0.119,9,-2.787,0,0.0332,123.962,4,0.465,dance pop
Believe (Niteblue Remix),Masove,46,0.0158,0.614,0.846,3.82e-06,1,-5.443,1,0.0398,126.0,4,0.176,covertronica
I Took A Pill In Ibiza - Seeb Remix,Mike Posner,81,0.0353,0.664,0.714,8.42e-06,7,-6.645,0,0.111,101.969,4,0.71,dance pop
How Deep Is Your Love,Calvin Harris,83,0.0392,0.738,0.868,0.00169,11,-4.373,0,0.0731,122.003,4,0.336,dance pop
Smack That,Akon,84,0.323,0.939,0.741,0.0,5,-5.171,0,0.0471,118.978,4,0.925,dance pop
(You Make Me Feel Like) A Natural Woman,Carole King,54,0.953,0.624,0.158,0.00135,9,-13.059,1,0.0289,85.492,3,0.303,brill building pop
Wagon Wheel,Darius Rucker,78,0.455,0.535,0.66,0.0,9,-7.174,1,0.0297,148.044,4,0.577,black americana
feel something,Bea Miller,61,0.242,0.74,0.415,0.000156,0,-8.914,1,0.0707,136.029,4,0.156,alt z
when the party's over,Billie Eilish,82,0.978,0.367,0.111,3.97e-05,4,-14.084,1,0.0972,82.642,4,0.198,art pop
July,Noah Cyrus,84,0.868,0.708,0.186,0.0,9,-8.953,0,0.042,72.541,4,0.322,alt z
Another Love,Tom Odell,88,0.695,0.445,0.537,1.65e-05,4,-8.532,0,0.04,122.769,4,0.131,chill pop
I Lost a Friend,FINNEAS,0,0.585,0.453,0.208,0.0,11,-11.917,1,0.22,169.326,4,0.218,alt z
listen before i go,Billie Eilish,73,0.935,0.319,0.0561,0.00384,0,-23.023,1,0.045,79.764,3,0.082,art pop
Touch,Sleeping At Last,64,0.955,0.415,0.104,3.79e-06,0,-11.83,1,0.0426,82.006,3,0.18,ambient worship
My Friends Don't Know (I Know They Hate Me),dandelion hands,43,0.953,0.534,0.105,0.607,2,-18.235,1,0.0411,122.994,4,0.127,corecore
when the party's over - Recorded at Spotify Studios NYC,Lewis Capaldi,60,0.946,0.509,0.183,0.0,10,-10.27,1,0.0377,117.354,3,0.258,pop
Unsteady,X Ambassadors,3,0.122,0.564,0.79,0.000526,0,-5.773,1,0.0887,117.031,4,0.368,modern alternative rock
scared,Jeremy Zucker,55,0.933,0.583,0.075,1.4e-06,5,-15.843,1,0.0726,108.418,4,0.347,alt z
Trauma,NF,58,0.92,0.527,0.0861,0.000334,5,-15.326,1,0.0301,103.582,4,0.225,hip hop
Broken,Anson Seabra,53,0.956,0.481,0.0759,0.0,6,-14.2,1,0.0601,98.979,4,0.234,alt z
Forever,Lewis Capaldi,71,0.873,0.646,0.355,0.0,1,-7.119,1,0.0263,84.988,4,0.364,pop
Hard Sometimes,Ruel,54,0.845,0.407,0.317,2.66e-06,10,-7.895,1,0.0429,81.899,4,0.216,alt z
All By Myself,Eric Carmen,61,0.827,0.376,0.373,0.832,7,-9.184,0,0.0305,116.074,4,0.111,new wave pop
Die Alone,FINNEAS,0,0.943,0.269,0.0901,0.00105,0,-11.838,1,0.0347,76.689,3,0.12,alt z
i love you,Billie Eilish,79,0.952,0.421,0.131,0.00453,0,-18.435,1,0.0382,137.446,4,0.12,art pop
Happiest Year,Jaymes Young,0,0.885,0.501,0.167,0.0,1,-14.061,1,0.0484,112.275,3,0.356,
Broken,Anson Seabra,0,0.957,0.551,0.0754,0.0,6,-14.203,1,0.059,98.348,4,0.239,alt z
Glimpse of Us,Joji,78,0.891,0.44,0.317,4.78e-06,8,-9.258,1,0.0531,169.914,3,0.268,viral pop
Too Sweet,Hozier,82,0.0295,0.741,0.62,0.000809,10,-5.505,1,0.0412,117.038,4,0.934,irish singer-songwriter
Pompeii,Bastille,70,0.0755,0.679,0.715,0.0,9,-6.383,1,0.0407,127.435,4,0.571,metropopolis
Adventure of a Lifetime,Coldplay,81,0.00205,0.638,0.924,0.000175,7,-3.887,1,0.036,111.995,4,0.53,permanent wave
Counting Stars,OneRepublic,86,0.0654,0.663,0.706,0.0,1,-4.972,0,0.0383,122.013,4,0.474,piano rock
On Top Of The World,Imagine Dragons,77,0.0841,0.63,0.924,3.56e-06,0,-5.589,1,0.145,100.045,4,0.763,modern rock
I Like Me Better,Lauv,5,0.535,0.752,0.505,2.55e-06,9,-7.621,1,0.253,91.97,4,0.419,pop
Paris in the Rain,Lauv,17,0.771,0.426,0.408,7.88e-06,3,-9.419,1,0.0524,76.309,4,0.528,pop
Pursuit Of Happiness (Nightmare),Kid Cudi,68,0.484,0.629,0.606,0.0001,0,-8.951,1,0.0412,115.275,4,0.288,hip hop
